timestamp_utc,temp,feels_like,humidity,pressure,wind_speed,clouds,weather,pm10,pm25,carbon_monoxide,nitrogen_dioxide,sulphur_dioxide,ozone,hour,day,month,dow,is_weekend,fetched_at,station_name,aqi_change_rate,aqi_api,o3,no2,so2,co,wind_deg,weather_desc
2025-10-14 11:38:50,33.9,31.63,17,1009,4.12,0,Clear,0.0,0.0,0.0,0.0,0.0,0.0,11,14,10,1,0,2025-10-14 16:38:52,Karachi,0,0,0,0,0,0,230,clear sky
2025-10-14 11:31:17,33.9,31.63,17,1009,4.12,0,Clear,0.0,0.0,0.0,0.0,0.0,0.0,11,14,10,1,0,2025-10-14 16:31:19,Karachi,0,0,0,0,0,0,230,clear sky
2025-10-14 11:26:07,33.9,31.63,17,1009,4.12,0,Clear,0.0,0.0,0.0,0.0,0.0,0.0,11,14,10,1,0,2025-10-14 16:26:08,Karachi,0,0,0,0,0,0,230,clear sky
2025-10-11 09:22:01,0.0,0.0,0,0,0.0,0,haze,83.4,38.8,1806.0,33.8,23.9,52.0,9,11,10,5,1,2025-10-14 01:51:35,Karachi,0,0,0,0,0,0,0,
2025-10-11 08:22:01,0.0,0.0,0,0,0.0,0,haze,74.5,46.6,2177.0,42.7,20.1,23.0,8,11,10,5,1,2025-10-14 01:51:35,Karachi,0,0,0,0,0,0,0,
2025-10-11 07:22:01,0.0,0.0,0,0,0.0,0,haze,72.2,43.8,1773.0,40.1,17.0,18.0,7,11,10,5,1,2025-10-14 01:51:35,Karachi,0,0,0,0,0,0,0,
2025-10-11 06:22:01,0.0,0.0,0,0,0.0,0,haze,62.9,35.6,979.0,31.6,14.2,27.0,6,11,10,5,1,2025-10-14 01:51:35,Karachi,0,0,0,0,0,0,0,
2025-10-11 05:22:01,0.0,0.0,0,0,0.0,0,haze,63.1,35.0,389.0,25.1,12.3,34.0,5,11,10,5,1,2025-10-14 01:51:35,Karachi,0,0,0,0,0,0,0,
2025-10-11 04:22:01,0.0,0.0,0,0,0.0,0,smoke,63.1,35.7,250.0,26.6,11.6,35.0,4,11,10,5,1,2025-10-14 01:51:35,Karachi,0,0,0,0,0,0,0,
2025-10-11 03:22:01,0.0,0.0,0,0,0.0,0,smoke,65.9,38.6,315.0,34.3,12.0,30.0,3,11,10,5,1,2025-10-14 01:51:35,Karachi,0,0,0,0,0,0,0,
2025-10-11 02:22:01,0.0,0.0,0,0,0.0,0,mist,71.0,42.4,441.0,41.1,12.7,26.0,2,11,10,5,1,2025-10-14 01:51:35,Karachi,0,0,0,0,0,0,0,
2025-10-11 01:22:01,0.0,0.0,0,0,0.0,0,smoke,77.1,45.1,630.0,45.8,13.8,24.0,1,11,10,5,1,2025-10-14 01:51:35,Karachi,0,0,0,0,0,0,0,
2025-10-11 00:22:01,0.0,0.0,0,0,0.0,0,smoke,76.4,45.2,880.0,49.6,15.3,23.0,0,11,10,5,1,2025-10-14 01:51:35,Karachi,0,0,0,0,0,0,0,
2025-10-10 23:22:01,0.0,0.0,0,0,0.0,0,clear sky,74.5,44.0,1043.0,51.0,16.5,24.0,23,10,10,4,0,2025-10-14 01:51:35,Karachi,0,0,0,0,0,0,0,
2025-10-10 22:22:01,0.0,0.0,0,0,0.0,0,clear sky,72.4,42.1,1051.0,49.3,17.0,27.0,22,10,10,4,0,2025-10-14 01:51:35,Karachi,0,0,0,0,0,0,0,
2025-10-10 21:22:01,0.0,0.0,0,0,0.0,0,clear sky,73.1,41.2,972.0,45.2,17.2,33.0,21,10,10,4,0,2025-10-14 01:51:35,Karachi,0,0,0,0,0,0,0,
2025-10-10 20:22:01,0.0,0.0,0,0,0.0,0,clear sky,74.7,41.3,859.0,39.3,18.1,46.0,20,10,10,4,0,2025-10-14 01:51:35,Karachi,0,0,0,0,0,0,0,
2025-10-10 19:22:01,0.0,0.0,0,0,0.0,0,clear sky,76.4,42.5,704.0,30.0,20.6,75.0,19,10,10,4,0,2025-10-14 01:51:35,Karachi,0,0,0,0,0,0,0,
2025-10-10 18:22:01,0.0,0.0,0,0,0.0,0,clear sky,81.3,43.3,515.0,18.9,23.7,112.0,18,10,10,4,0,2025-10-14 01:51:35,Karachi,0,0,0,0,0,0,0,
2025-10-10 17:22:01,0.0,0.0,0,0,0.0,0,clear sky,93.8,43.2,369.0,10.9,26.0,139.0,17,10,10,4,0,2025-10-14 01:51:35,Karachi,0,0,0,0,0,0,0,
2025-10-10 16:22:01,0.0,0.0,0,0,0.0,0,clear sky,80.1,35.7,300.0,7.9,21.1,126.0,16,10,10,4,0,2025-10-14 01:51:35,Karachi,0,0,0,0,0,0,0,
2025-10-10 15:22:01,0.0,0.0,0,0,0.0,0,clear sky,82.7,36.6,275.0,5.7,21.0,138.0,15,10,10,4,0,2025-10-14 01:51:35,Karachi,0,0,0,0,0,0,0,
2025-10-10 14:22:01,0.0,0.0,0,0,0.0,0,clear sky,84.3,37.0,266.0,4.7,21.8,145.0,14,10,10,4,0,2025-10-14 01:51:35,Karachi,0,0,0,0,0,0,0,
2025-10-10 13:22:01,0.0,0.0,0,0,0.0,0,clear sky,86.8,37.5,239.0,4.0,25.0,145.0,13,10,10,4,0,2025-10-14 01:51:35,Karachi,0,0,0,0,0,0,0,
2025-10-10 12:22:01,0.0,0.0,0,0,0.0,0,clear sky,91.0,38.4,228.0,4.5,29.0,139.0,12,10,10,4,0,2025-10-14 01:51:35,Karachi,0,0,0,0,0,0,0,
2025-10-10 11:22:01,0.0,0.0,0,0,0.0,0,clear sky,95.5,39.3,316.0,7.6,30.5,125.0,11,10,10,4,0,2025-10-14 01:51:35,Karachi,0,0,0,0,0,0,0,
2025-10-10 10:22:01,0.0,0.0,0,0,0.0,0,haze,93.4,37.5,635.0,15.8,26.9,95.0,10,10,10,4,0,2025-10-14 01:51:35,Karachi,0,0,0,0,0,0,0,
2025-10-10 09:22:14,0.0,0.0,0,0,0.0,0,haze,89.2,35.3,1052.0,26.7,20.8,56.0,9,10,10,4,0,2025-10-14 01:51:35,Karachi,0,0,0,0,0,0,0,
2025-10-10 08:22:14,0.0,0.0,0,0,0.0,0,haze,76.1,38.6,1252.0,33.6,15.8,29.0,8,10,10,4,0,2025-10-14 01:51:35,Karachi,0,0,0,0,0,0,0,
2025-10-10 07:22:14,0.0,0.0,0,0,0.0,0,haze,73.3,36.2,1015.0,32.9,13.6,23.0,7,10,10,4,0,2025-10-14 01:51:35,Karachi,0,0,0,0,0,0,0,
2025-10-10 06:22:14,0.0,0.0,0,0,0.0,0,haze,69.2,32.0,562.0,28.3,12.6,28.0,6,10,10,4,0,2025-10-14 01:51:35,Karachi,0,0,0,0,0,0,0,
2025-10-10 05:22:14,0.0,0.0,0,0,0.0,0,haze,70.3,32.5,239.0,24.7,12.0,32.0,5,10,10,4,0,2025-10-14 01:51:35,Karachi,0,0,0,0,0,0,0,
2025-10-10 04:22:14,0.0,0.0,0,0,0.0,0,haze,77.3,36.6,195.0,32.0,12.9,28.0,4,10,10,4,0,2025-10-14 01:51:35,Karachi,0,0,0,0,0,0,0,
2025-10-10 03:22:14,0.0,0.0,0,0,0.0,0,smoke,90.1,40.5,281.0,38.9,13.6,24.0,3,10,10,4,0,2025-10-14 01:51:35,Karachi,0,0,0,0,0,0,0,
2025-10-10 02:22:14,0.0,0.0,0,0,0.0,0,smoke,91.3,41.4,395.0,44.8,14.4,20.0,2,10,10,4,0,2025-10-14 01:51:35,Karachi,0,0,0,0,0,0,0,
2025-10-10 01:22:14,0.0,0.0,0,0,0.0,0,haze,84.5,40.3,528.0,48.8,15.2,17.0,1,10,10,4,0,2025-10-14 01:51:35,Karachi,0,0,0,0,0,0,0,
2025-10-10 00:22:14,0.0,0.0,0,0,0.0,0,haze,79.6,39.6,689.0,51.7,16.1,15.0,0,10,10,4,0,2025-10-14 01:51:35,Karachi,0,0,0,0,0,0,0,
2025-10-09 23:22:14,0.0,0.0,0,0,0.0,0,haze,78.2,39.5,803.0,52.8,16.9,15.0,23,9,10,3,0,2025-10-14 01:51:35,Karachi,0,0,0,0,0,0,0,
2025-10-09 22:22:14,0.0,0.0,0,0,0.0,0,haze,78.2,38.5,846.0,51.8,17.3,17.0,22,9,10,3,0,2025-10-14 01:51:35,Karachi,0,0,0,0,0,0,0,
2025-10-09 21:22:14,0.0,0.0,0,0,0.0,0,haze,79.6,37.5,842.0,48.9,17.6,22.0,21,9,10,3,0,2025-10-14 01:51:35,Karachi,0,0,0,0,0,0,0,
2025-10-09 20:22:14,0.0,0.0,0,0,0.0,0,haze,82.0,37.7,793.0,43.5,18.6,36.0,20,9,10,3,0,2025-10-14 01:51:35,Karachi,0,0,0,0,0,0,0,
2025-10-09 19:22:14,0.0,0.0,0,0,0.0,0,haze,85.0,39.6,672.0,33.5,21.3,68.0,19,9,10,3,0,2025-10-14 01:51:35,Karachi,0,0,0,0,0,0,0,
2025-10-09 18:22:14,0.0,0.0,0,0,0.0,0,haze,92.9,41.0,506.0,21.0,24.7,109.0,18,9,10,3,0,2025-10-14 01:51:35,Karachi,0,0,0,0,0,0,0,
2025-10-09 17:22:14,0.0,0.0,0,0,0.0,0,haze,106.6,41.4,380.0,12.0,27.2,139.0,17,9,10,3,0,2025-10-14 01:51:35,Karachi,0,0,0,0,0,0,0,
2025-10-09 16:22:14,0.0,0.0,0,0,0.0,0,haze,110.1,41.8,334.0,8.6,24.9,136.0,16,9,10,3,0,2025-10-14 01:51:35,Karachi,0,0,0,0,0,0,0,
2025-10-09 15:22:14,0.0,0.0,0,0,0.0,0,haze,111.5,41.9,328.0,6.3,24.5,147.0,15,9,10,3,0,2025-10-14 01:51:35,Karachi,0,0,0,0,0,0,0,
2025-10-09 14:22:14,0.0,0.0,0,0,0.0,0,haze,115.3,43.0,325.0,5.2,24.6,151.0,14,9,10,3,0,2025-10-14 01:51:35,Karachi,0,0,0,0,0,0,0,
2025-10-09 13:22:14,0.0,0.0,0,0,0.0,0,haze,122.0,44.9,273.0,4.5,26.7,147.0,13,9,10,3,0,2025-10-14 01:51:35,Karachi,0,0,0,0,0,0,0,
2025-10-09 12:22:14,0.0,0.0,0,0,0.0,0,haze,127.6,44.8,225.0,5.1,29.4,135.0,12,9,10,3,0,2025-10-14 01:51:35,Karachi,0,0,0,0,0,0,0,
2025-10-09 11:22:14,0.0,0.0,0,0,0.0,0,haze,130.4,41.7,300.0,7.9,30.0,117.0,11,9,10,3,0,2025-10-14 01:51:35,Karachi,0,0,0,0,0,0,0,
2025-10-09 10:22:14,0.0,0.0,0,0,0.0,0,haze,124.3,36.7,660.0,14.9,26.3,87.0,10,9,10,3,0,2025-10-14 01:51:35,Karachi,0,0,0,0,0,0,0,
2025-10-09 09:22:27,0.0,0.0,0,0,0.0,0,haze,105.2,34.6,1143.0,24.2,20.5,50.0,9,9,10,3,0,2025-10-14 01:51:35,Karachi,0,0,0,0,0,0,0,
2025-10-09 08:22:27,0.0,0.0,0,0,0.0,0,haze,88.2,38.5,1381.0,30.9,15.9,23.0,8,9,10,3,0,2025-10-14 01:51:35,Karachi,0,0,0,0,0,0,0,
2025-10-09 07:22:27,0.0,0.0,0,0,0.0,0,haze,87.3,35.3,1113.0,32.5,13.9,15.0,7,9,10,3,0,2025-10-14 01:51:35,Karachi,0,0,0,0,0,0,0,
2025-10-09 06:22:27,0.0,0.0,0,0,0.0,0,haze,79.4,30.9,600.0,31.6,13.1,17.0,6,9,10,3,0,2025-10-14 01:51:35,Karachi,0,0,0,0,0,0,0,
2025-10-09 05:22:27,0.0,0.0,0,0,0.0,0,smoke,78.9,31.1,256.0,30.7,12.6,20.0,5,9,10,3,0,2025-10-14 01:51:35,Karachi,0,0,0,0,0,0,0,
2025-10-09 04:22:27,0.0,0.0,0,0,0.0,0,smoke,92.4,38.9,269.0,42.7,16.9,10.0,4,9,10,3,0,2025-10-14 01:51:35,Karachi,0,0,0,0,0,0,0,
2025-10-09 03:22:27,0.0,0.0,0,0,0.0,0,smoke,102.9,45.2,451.0,48.4,19.2,6.0,3,9,10,3,0,2025-10-14 01:51:35,Karachi,0,0,0,0,0,0,0,
2025-10-09 02:22:27,0.0,0.0,0,0,0.0,0,smoke,114.1,49.0,651.0,52.8,21.0,3.0,2,9,10,3,0,2025-10-14 01:51:35,Karachi,0,0,0,0,0,0,0,
2025-10-09 01:22:27,0.0,0.0,0,0,0.0,0,smoke,112.5,49.6,864.0,54.9,21.6,2.0,1,9,10,3,0,2025-10-14 01:51:35,Karachi,0,0,0,0,0,0,0,
2025-10-09 00:22:27,0.0,0.0,0,0,0.0,0,smoke,109.7,49.7,1096.0,55.6,21.6,3.0,0,9,10,3,0,2025-10-14 01:51:35,Karachi,0,0,0,0,0,0,0,
2025-10-08 23:22:27,0.0,0.0,0,0,0.0,0,smoke,103.1,46.7,1213.0,55.5,21.5,6.0,23,8,10,2,0,2025-10-14 01:51:35,Karachi,0,0,0,0,0,0,0,
2025-10-08 22:22:27,0.0,0.0,0,0,0.0,0,smoke,93.4,41.9,1128.0,55.7,20.9,8.0,22,8,10,2,0,2025-10-14 01:51:35,Karachi,0,0,0,0,0,0,0,
2025-10-08 21:22:27,0.0,0.0,0,0,0.0,0,smoke,90.8,39.2,928.0,55.0,20.1,12.0,21,8,10,2,0,2025-10-14 01:51:35,Karachi,0,0,0,0,0,0,0,
2025-10-08 20:22:27,0.0,0.0,0,0,0.0,0,smoke,93.4,39.6,736.0,50.6,20.3,26.0,20,8,10,2,0,2025-10-14 01:51:35,Karachi,0,0,0,0,0,0,0,
2025-10-08 19:22:27,0.0,0.0,0,0,0.0,0,smoke,101.7,42.7,584.0,38.9,22.7,61.0,19,8,10,2,0,2025-10-14 01:51:35,Karachi,0,0,0,0,0,0,0,
2025-10-08 18:22:27,0.0,0.0,0,0,0.0,0,haze,118.0,45.5,440.0,23.5,26.1,106.0,18,8,10,2,0,2025-10-14 01:51:35,Karachi,0,0,0,0,0,0,0,
2025-10-08 17:22:27,0.0,0.0,0,0,0.0,0,haze,145.3,47.6,337.0,12.4,28.6,139.0,17,8,10,2,0,2025-10-14 01:51:35,Karachi,0,0,0,0,0,0,0,
2025-10-08 16:22:27,0.0,0.0,0,0,0.0,0,haze,133.2,43.2,296.0,8.5,25.9,136.0,16,8,10,2,0,2025-10-14 01:51:35,Karachi,0,0,0,0,0,0,0,
2025-10-08 15:22:27,0.0,0.0,0,0,0.0,0,haze,141.1,44.0,295.0,6.3,25.5,147.0,15,8,10,2,0,2025-10-14 01:51:35,Karachi,0,0,0,0,0,0,0,
2025-10-08 14:22:27,0.0,0.0,0,0,0.0,0,haze,146.2,43.5,304.0,5.5,25.9,149.0,14,8,10,2,0,2025-10-14 01:51:35,Karachi,0,0,0,0,0,0,0,
2025-10-08 13:22:27,0.0,0.0,0,0,0.0,0,haze,150.4,41.9,273.0,5.2,28.8,138.0,13,8,10,2,0,2025-10-14 01:51:35,Karachi,0,0,0,0,0,0,0,
2025-10-08 12:22:27,0.0,0.0,0,0,0.0,0,haze,149.9,39.9,251.0,6.3,32.5,119.0,12,8,10,2,0,2025-10-14 01:51:35,Karachi,0,0,0,0,0,0,0,
2025-10-08 11:22:27,0.0,0.0,0,0,0.0,0,haze,142.5,36.2,353.0,10.3,34.1,96.0,11,8,10,2,0,2025-10-14 01:51:35,Karachi,0,0,0,0,0,0,0,
2025-10-08 10:22:27,0.0,0.0,0,0,0.0,0,haze,126.7,33.2,746.0,20.1,31.9,69.0,10,8,10,2,0,2025-10-14 01:51:35,Karachi,0,0,0,0,0,0,0,
2025-10-08 09:22:38,0.0,0.0,0,0,0.0,0,haze,109.4,32.6,1264.0,33.0,27.6,39.0,9,8,10,2,0,2025-10-14 01:51:35,Karachi,0,0,0,0,0,0,0,
2025-10-08 08:22:38,0.0,0.0,0,0,0.0,0,haze,104.8,46.9,1519.0,41.8,23.4,18.0,8,8,10,2,0,2025-10-14 01:51:35,Karachi,0,0,0,0,0,0,0,
2025-10-08 07:22:38,0.0,0.0,0,0,0.0,0,haze,119.2,50.4,1255.0,42.9,19.7,12.0,7,8,10,2,0,2025-10-14 01:51:35,Karachi,0,0,0,0,0,0,0,
2025-10-08 06:22:38,0.0,0.0,0,0,0.0,0,haze,109.9,39.7,730.0,39.9,16.0,14.0,6,8,10,2,0,2025-10-14 01:51:35,Karachi,0,0,0,0,0,0,0,
2025-10-08 05:22:38,0.0,0.0,0,0,0.0,0,haze,109.0,37.0,328.0,37.5,13.5,16.0,5,8,10,2,0,2025-10-14 01:51:35,Karachi,0,0,0,0,0,0,0,
2025-10-08 04:22:38,0.0,0.0,0,0,0.0,0,haze,111.1,39.8,193.0,45.1,13.9,11.0,4,8,10,2,0,2025-10-14 01:51:35,Karachi,0,0,0,0,0,0,0,
2025-10-08 03:22:38,0.0,0.0,0,0,0.0,0,smoke,114.8,40.7,182.0,48.0,13.8,10.0,3,8,10,2,0,2025-10-14 01:51:35,Karachi,0,0,0,0,0,0,0,
2025-10-08 02:22:38,0.0,0.0,0,0,0.0,0,smoke,116.9,41.6,250.0,50.4,14.0,9.0,2,8,10,2,0,2025-10-14 01:51:35,Karachi,0,0,0,0,0,0,0,
2025-10-08 01:22:38,0.0,0.0,0,0,0.0,0,smoke,118.0,42.5,429.0,51.7,14.3,9.0,1,8,10,2,0,2025-10-14 01:51:35,Karachi,0,0,0,0,0,0,0,
2025-10-08 00:22:38,0.0,0.0,0,0,0.0,0,smoke,115.9,42.1,688.0,52.5,14.7,9.0,0,8,10,2,0,2025-10-14 01:51:35,Karachi,0,0,0,0,0,0,0,
2025-10-07 23:22:38,0.0,0.0,0,0,0.0,0,smoke,114.8,41.0,885.0,52.2,15.1,10.0,23,7,10,1,0,2025-10-14 01:51:35,Karachi,0,0,0,0,0,0,0,
2025-10-07 22:22:38,0.0,0.0,0,0,0.0,0,smoke,121.1,40.5,978.0,51.5,15.0,11.0,22,7,10,1,0,2025-10-14 01:51:35,Karachi,0,0,0,0,0,0,0,
2025-10-07 21:22:38,0.0,0.0,0,0,0.0,0,smoke,129.5,41.0,1010.0,49.7,14.9,12.0,21,7,10,1,0,2025-10-14 01:51:35,Karachi,0,0,0,0,0,0,0,
2025-10-07 20:22:38,0.0,0.0,0,0,0.0,0,smoke,142.5,42.3,967.0,45.0,15.3,21.0,20,7,10,1,0,2025-10-14 01:51:35,Karachi,0,0,0,0,0,0,0,
2025-10-07 19:22:38,0.0,0.0,0,0,0.0,0,haze,161.1,44.1,803.0,34.3,17.0,44.0,19,7,10,1,0,2025-10-14 01:51:35,Karachi,0,0,0,0,0,0,0,
2025-10-07 18:22:38,0.0,0.0,0,0,0.0,0,haze,188.6,46.2,565.0,20.7,19.3,75.0,18,7,10,1,0,2025-10-14 01:51:35,Karachi,0,0,0,0,0,0,0,
2025-10-07 17:22:38,0.0,0.0,0,0,0.0,0,haze,245.9,51.3,379.0,10.8,21.0,97.0,17,7,10,1,0,2025-10-14 01:51:35,Karachi,0,0,0,0,0,0,0,
2025-10-07 16:22:38,0.0,0.0,0,0,0.0,0,haze,254.3,51.3,296.0,6.7,19.5,111.0,16,7,10,1,0,2025-10-14 01:51:35,Karachi,0,0,0,0,0,0,0,
2025-10-07 15:22:38,0.0,0.0,0,0,0.0,0,haze,258.9,52.7,265.0,5.3,19.9,128.0,15,7,10,1,0,2025-10-14 01:51:35,Karachi,0,0,0,0,0,0,0,
2025-10-07 14:22:38,0.0,0.0,0,0,0.0,0,haze,260.8,53.4,263.0,4.8,20.2,137.0,14,7,10,1,0,2025-10-14 01:51:35,Karachi,0,0,0,0,0,0,0,
2025-10-07 13:22:38,0.0,0.0,0,0,0.0,0,haze,262.6,53.3,265.0,4.4,20.9,134.0,13,7,10,1,0,2025-10-14 01:51:35,Karachi,0,0,0,0,0,0,0,
2025-10-07 12:22:38,0.0,0.0,0,0,0.0,0,haze,261.7,52.2,296.0,4.8,21.5,124.0,12,7,10,1,0,2025-10-14 01:51:35,Karachi,0,0,0,0,0,0,0,
2025-10-07 11:22:38,0.0,0.0,0,0,0.0,0,haze,253.3,49.0,402.0,6.9,21.0,109.0,11,7,10,1,0,2025-10-14 01:51:35,Karachi,0,0,0,0,0,0,0,
2025-10-07 10:22:38,0.0,0.0,0,0,0.0,0,haze,225.4,43.8,695.0,12.6,18.5,87.0,10,7,10,1,0,2025-10-14 01:51:35,Karachi,0,0,0,0,0,0,0,
2025-10-07 09:22:50,0.0,0.0,0,0,0.0,0,haze,166.7,36.4,1064.0,20.0,14.9,61.0,9,7,10,1,0,2025-10-14 01:51:35,Karachi,0,0,0,0,0,0,0,
2025-10-07 08:22:50,0.0,0.0,0,0,0.0,0,clear sky,104.5,31.5,1223.0,23.4,11.7,44.0,8,7,10,1,0,2025-10-14 01:51:35,Karachi,0,0,0,0,0,0,0,
2025-10-07 07:22:50,0.0,0.0,0,0,0.0,0,clear sky,76.8,25.5,969.0,19.1,9.3,42.0,7,7,10,1,0,2025-10-14 01:51:35,Karachi,0,0,0,0,0,0,0,
2025-10-07 06:22:50,0.0,0.0,0,0,0.0,0,clear sky,64.0,20.5,506.0,10.9,7.3,49.0,6,7,10,1,0,2025-10-14 01:51:35,Karachi,0,0,0,0,0,0,0,
2025-10-07 05:22:50,0.0,0.0,0,0,0.0,0,clear sky,61.5,18.9,160.0,4.8,6.0,54.0,5,7,10,1,0,2025-10-14 01:51:35,Karachi,0,0,0,0,0,0,0,
2025-10-07 04:22:50,0.0,0.0,0,0,0.0,0,clear sky,52.4,18.0,74.0,3.9,5.4,55.0,4,7,10,1,0,2025-10-14 01:51:35,Karachi,0,0,0,0,0,0,0,
2025-10-07 03:22:50,0.0,0.0,0,0,0.0,0,clear sky,45.1,16.8,104.0,4.1,5.3,54.0,3,7,10,1,0,2025-10-14 01:51:35,Karachi,0,0,0,0,0,0,0,
2025-10-07 02:22:50,0.0,0.0,0,0,0.0,0,clear sky,40.7,16.5,147.0,4.9,5.4,53.0,2,7,10,1,0,2025-10-14 01:51:35,Karachi,0,0,0,0,0,0,0,
2025-10-07 01:22:50,0.0,0.0,0,0,0.0,0,clear sky,39.2,16.9,167.0,6.1,5.6,53.0,1,7,10,1,0,2025-10-14 01:51:35,Karachi,0,0,0,0,0,0,0,
2025-10-07 00:22:50,0.0,0.0,0,0,0.0,0,clear sky,42.7,18.5,199.0,7.9,6.1,53.0,0,7,10,1,0,2025-10-14 01:51:35,Karachi,0,0,0,0,0,0,0,
2025-10-06 23:22:50,0.0,0.0,0,0,0.0,0,clear sky,52.9,21.2,252.0,10.1,6.6,55.0,23,6,10,0,0,2025-10-14 01:51:35,Karachi,0,0,0,0,0,0,0,
2025-10-06 22:22:50,0.0,0.0,0,0,0.0,0,few clouds,70.8,25.7,352.0,13.1,7.0,58.0,22,6,10,0,0,2025-10-14 01:51:35,Karachi,0,0,0,0,0,0,0,
2025-10-06 21:22:50,0.0,0.0,0,0,0.0,0,few clouds,98.5,32.8,472.0,16.5,7.4,62.0,21,6,10,0,0,2025-10-14 01:51:35,Karachi,0,0,0,0,0,0,0,
2025-10-06 20:22:50,0.0,0.0,0,0,0.0,0,smoke,132.7,42.1,539.0,18.3,8.1,68.0,20,6,10,0,0,2025-10-14 01:51:35,Karachi,0,0,0,0,0,0,0,
2025-10-06 19:22:50,0.0,0.0,0,0,0.0,0,smoke,164.4,51.3,510.0,17.2,9.4,78.0,19,6,10,0,0,2025-10-14 01:51:35,Karachi,0,0,0,0,0,0,0,
2025-10-06 18:22:50,0.0,0.0,0,0,0.0,0,smoke,185.8,56.5,428.0,14.7,11.0,89.0,18,6,10,0,0,2025-10-14 01:51:35,Karachi,0,0,0,0,0,0,0,
2025-10-06 17:22:50,0.0,0.0,0,0,0.0,0,clear sky,209.1,56.6,353.0,12.7,12.2,97.0,17,6,10,0,0,2025-10-14 01:51:35,Karachi,0,0,0,0,0,0,0,
2025-10-06 16:22:50,0.0,0.0,0,0,0.0,0,smoke,193.7,49.5,302.0,8.9,11.3,106.0,16,6,10,0,0,2025-10-14 01:51:35,Karachi,0,0,0,0,0,0,0,
2025-10-06 15:22:50,0.0,0.0,0,0,0.0,0,smoke,209.5,49.9,258.0,6.1,11.4,115.0,15,6,10,0,0,2025-10-14 01:51:35,Karachi,0,0,0,0,0,0,0,
2025-10-06 14:22:50,0.0,0.0,0,0,0.0,0,smoke,231.0,51.5,227.0,4.2,11.4,119.0,14,6,10,0,0,2025-10-14 01:51:35,Karachi,0,0,0,0,0,0,0,
2025-10-06 13:22:50,0.0,0.0,0,0,0.0,0,haze,244.0,51.6,210.0,3.3,11.5,118.0,13,6,10,0,0,2025-10-14 01:51:35,Karachi,0,0,0,0,0,0,0,
2025-10-06 12:22:50,0.0,0.0,0,0,0.0,0,haze,243.1,49.9,206.0,3.1,11.6,113.0,12,6,10,0,0,2025-10-14 01:51:35,Karachi,0,0,0,0,0,0,0,
2025-10-06 11:22:50,0.0,0.0,0,0,0.0,0,haze,223.1,45.4,215.0,3.9,11.4,105.0,11,6,10,0,0,2025-10-14 01:51:35,Karachi,0,0,0,0,0,0,0,
2025-10-06 10:22:50,0.0,0.0,0,0,0.0,0,haze,184.9,39.0,252.0,6.7,10.8,91.0,10,6,10,0,0,2025-10-14 01:51:35,Karachi,0,0,0,0,0,0,0,
2025-10-06 09:23:03,0.0,0.0,0,0,0.0,0,haze,125.3,30.5,303.0,10.4,10.0,75.0,9,6,10,0,0,2025-10-14 01:51:35,Karachi,0,0,0,0,0,0,0,
2025-10-06 08:23:03,0.0,0.0,0,0,0.0,0,haze,64.5,23.2,323.0,12.3,9.1,63.0,8,6,10,0,0,2025-10-14 01:51:35,Karachi,0,0,0,0,0,0,0,
2025-10-06 07:23:03,0.0,0.0,0,0,0.0,0,haze,37.6,18.6,280.0,10.6,8.0,60.0,7,6,10,0,0,2025-10-14 01:51:35,Karachi,0,0,0,0,0,0,0,
2025-10-06 06:23:03,0.0,0.0,0,0,0.0,0,haze,28.2,16.3,206.0,7.2,6.8,62.0,6,6,10,0,0,2025-10-14 01:51:35,Karachi,0,0,0,0,0,0,0,
2025-10-06 05:23:03,0.0,0.0,0,0,0.0,0,haze,27.0,16.1,151.0,4.6,5.9,64.0,5,6,10,0,0,2025-10-14 01:51:35,Karachi,0,0,0,0,0,0,0,
2025-10-06 04:23:03,0.0,0.0,0,0,0.0,0,clear sky,27.8,15.7,134.0,4.7,5.6,62.0,4,6,10,0,0,2025-10-14 01:51:35,Karachi,0,0,0,0,0,0,0,
2025-10-06 03:23:03,0.0,0.0,0,0,0.0,0,clear sky,28.0,15.7,135.0,5.5,5.8,61.0,3,6,10,0,0,2025-10-14 01:51:35,Karachi,0,0,0,0,0,0,0,
2025-10-06 02:23:03,0.0,0.0,0,0,0.0,0,smoke,28.0,15.6,148.0,7.2,6.2,59.0,2,6,10,0,0,2025-10-14 01:51:35,Karachi,0,0,0,0,0,0,0,
2025-10-06 01:23:03,0.0,0.0,0,0,0.0,0,smoke,27.5,15.5,172.0,9.8,6.7,56.0,1,6,10,0,0,2025-10-14 01:51:35,Karachi,0,0,0,0,0,0,0,
2025-10-06 00:23:03,0.0,0.0,0,0,0.0,0,smoke,27.0,15.7,208.0,13.2,7.3,51.0,0,6,10,0,0,2025-10-14 01:51:35,Karachi,0,0,0,0,0,0,0,
2025-10-05 23:23:03,0.0,0.0,0,0,0.0,0,smoke,25.7,15.5,247.0,16.5,8.0,47.0,23,5,10,6,1,2025-10-14 01:51:35,Karachi,0,0,0,0,0,0,0,
2025-10-05 22:23:03,0.0,0.0,0,0,0.0,0,smoke,24.6,15.4,296.0,20.1,8.9,43.0,22,5,10,6,1,2025-10-14 01:51:35,Karachi,0,0,0,0,0,0,0,
2025-10-05 21:23:03,0.0,0.0,0,0,0.0,0,smoke,23.9,15.7,350.0,23.6,9.9,39.0,21,5,10,6,1,2025-10-14 01:51:35,Karachi,0,0,0,0,0,0,0,
2025-10-05 20:23:03,0.0,0.0,0,0,0.0,0,smoke,23.5,15.8,380.0,24.5,10.8,39.0,20,5,10,6,1,2025-10-14 01:51:35,Karachi,0,0,0,0,0,0,0,
2025-10-05 19:23:03,0.0,0.0,0,0,0.0,0,smoke,22.0,15.1,372.0,20.4,11.5,47.0,19,5,10,6,1,2025-10-14 01:51:35,Karachi,0,0,0,0,0,0,0,
2025-10-05 18:23:03,0.0,0.0,0,0,0.0,0,smoke,19.6,12.3,340.0,13.7,12.0,58.0,18,5,10,6,1,2025-10-14 01:51:35,Karachi,0,0,0,0,0,0,0,
2025-10-05 17:23:03,0.0,0.0,0,0,0.0,0,smoke,18.2,11.5,309.0,8.7,12.4,67.0,17,5,10,6,1,2025-10-14 01:51:35,Karachi,0,0,0,0,0,0,0,
2025-10-05 16:23:03,0.0,0.0,0,0,0.0,0,broken clouds,21.4,13.4,281.0,6.3,11.6,74.0,16,5,10,6,1,2025-10-14 01:51:35,Karachi,0,0,0,0,0,0,0,
2025-10-05 15:23:03,0.0,0.0,0,0,0.0,0,broken clouds,21.8,14.0,253.0,4.7,11.5,82.0,15,5,10,6,1,2025-10-14 01:51:35,Karachi,0,0,0,0,0,0,0,
2025-10-05 14:23:03,0.0,0.0,0,0,0.0,0,broken clouds,21.1,14.0,236.0,3.9,11.8,88.0,14,5,10,6,1,2025-10-14 01:51:35,Karachi,0,0,0,0,0,0,0,
2025-10-05 13:23:03,0.0,0.0,0,0,0.0,0,broken clouds,21.5,14.6,227.0,3.5,13.0,91.0,13,5,10,6,1,2025-10-14 01:51:35,Karachi,0,0,0,0,0,0,0,
2025-10-05 12:23:03,0.0,0.0,0,0,0.0,0,broken clouds,22.5,15.5,229.0,3.7,14.6,92.0,12,5,10,6,1,2025-10-14 01:51:35,Karachi,0,0,0,0,0,0,0,
2025-10-05 11:23:03,0.0,0.0,0,0,0.0,0,broken clouds,24.4,16.9,257.0,5.2,15.7,89.0,11,5,10,6,1,2025-10-14 01:51:35,Karachi,0,0,0,0,0,0,0,
2025-10-05 10:23:03,0.0,0.0,0,0,0.0,0,broken clouds,24.1,16.6,339.0,9.2,16.0,79.0,10,5,10,6,1,2025-10-14 01:51:35,Karachi,0,0,0,0,0,0,0,
2025-10-05 09:23:14,0.0,0.0,0,0,0.0,0,broken clouds,24.6,17.1,447.0,14.5,15.7,65.0,9,5,10,6,1,2025-10-14 01:51:35,Karachi,0,0,0,0,0,0,0,
2025-10-05 08:23:14,0.0,0.0,0,0,0.0,0,haze,25.0,18.2,512.0,17.7,14.7,54.0,8,5,10,6,1,2025-10-14 01:51:35,Karachi,0,0,0,0,0,0,0,
2025-10-05 07:23:14,0.0,0.0,0,0,0.0,0,haze,23.5,18.3,496.0,16.7,12.4,48.0,7,5,10,6,1,2025-10-14 01:51:35,Karachi,0,0,0,0,0,0,0,
2025-10-05 06:23:14,0.0,0.0,0,0,0.0,0,haze,18.3,13.8,437.0,13.6,9.5,46.0,6,5,10,6,1,2025-10-14 01:51:35,Karachi,0,0,0,0,0,0,0,
2025-10-05 05:23:14,0.0,0.0,0,0,0.0,0,smoke,16.5,12.4,376.0,11.2,7.3,44.0,5,5,10,6,1,2025-10-14 01:51:35,Karachi,0,0,0,0,0,0,0,
2025-10-05 04:23:14,0.0,0.0,0,0,0.0,0,scattered clouds,15.5,11.5,315.0,10.8,6.6,42.0,4,5,10,6,1,2025-10-14 01:51:35,Karachi,0,0,0,0,0,0,0,
2025-10-05 03:23:14,0.0,0.0,0,0,0.0,0,smoke,15.4,11.2,253.0,10.4,6.5,43.0,3,5,10,6,1,2025-10-14 01:51:35,Karachi,0,0,0,0,0,0,0,
2025-10-05 02:23:14,0.0,0.0,0,0,0.0,0,smoke,15.8,11.6,225.0,11.8,6.8,43.0,2,5,10,6,1,2025-10-14 01:51:35,Karachi,0,0,0,0,0,0,0,
2025-10-05 01:23:14,0.0,0.0,0,0,0.0,0,smoke,17.3,13.0,251.0,16.1,7.7,38.0,1,5,10,6,1,2025-10-14 01:51:35,Karachi,0,0,0,0,0,0,0,
2025-10-05 00:23:14,0.0,0.0,0,0,0.0,0,smoke,19.5,14.9,313.0,22.3,9.1,30.0,0,5,10,6,1,2025-10-14 01:51:35,Karachi,0,0,0,0,0,0,0,
2025-10-04 23:23:14,0.0,0.0,0,0,0.0,0,smoke,21.1,16.3,389.0,27.9,10.4,24.0,23,4,10,5,1,2025-10-14 01:51:35,Karachi,0,0,0,0,0,0,0,
2025-10-04 22:23:14,0.0,0.0,0,0,0.0,0,smoke,21.8,17.1,497.0,33.4,11.4,19.0,22,4,10,5,1,2025-10-14 01:51:35,Karachi,0,0,0,0,0,0,0,
2025-10-04 21:23:14,0.0,0.0,0,0,0.0,0,smoke,22.4,17.8,619.0,38.4,12.3,15.0,21,4,10,5,1,2025-10-14 01:51:35,Karachi,0,0,0,0,0,0,0,
2025-10-04 20:23:14,0.0,0.0,0,0,0.0,0,smoke,22.5,18.1,686.0,38.9,12.9,17.0,20,4,10,5,1,2025-10-14 01:51:35,Karachi,0,0,0,0,0,0,0,
2025-10-04 19:23:14,0.0,0.0,0,0,0.0,0,smoke,22.1,17.7,652.0,31.2,13.0,31.0,19,4,10,5,1,2025-10-14 01:51:35,Karachi,0,0,0,0,0,0,0,
2025-10-04 18:23:14,0.0,0.0,0,0,0.0,0,smoke,19.6,14.6,562.0,19.1,12.7,51.0,18,4,10,5,1,2025-10-14 01:51:35,Karachi,0,0,0,0,0,0,0,
2025-10-04 17:23:14,0.0,0.0,0,0,0.0,0,smoke,18.7,12.1,478.0,10.2,12.5,66.0,17,4,10,5,1,2025-10-14 01:51:35,Karachi,0,0,0,0,0,0,0,
2025-10-04 16:23:14,0.0,0.0,0,0,0.0,0,smoke,18.9,11.8,417.0,9.2,13.5,63.0,16,4,10,5,1,2025-10-14 01:51:35,Karachi,0,0,0,0,0,0,0,
2025-10-04 15:23:14,0.0,0.0,0,0,0.0,0,smoke,20.1,12.0,362.0,7.6,12.7,68.0,15,4,10,5,1,2025-10-14 01:51:35,Karachi,0,0,0,0,0,0,0,
2025-10-04 14:23:14,0.0,0.0,0,0,0.0,0,smoke,22.4,13.0,329.0,7.1,12.5,70.0,14,4,10,5,1,2025-10-14 01:51:35,Karachi,0,0,0,0,0,0,0,
2025-10-04 13:23:14,0.0,0.0,0,0,0.0,0,smoke,24.6,13.9,302.0,7.3,13.6,69.0,13,4,10,5,1,2025-10-14 01:51:35,Karachi,0,0,0,0,0,0,0,
2025-10-04 12:23:14,0.0,0.0,0,0,0.0,0,haze,26.8,15.0,298.0,8.5,15.3,65.0,12,4,10,5,1,2025-10-14 01:51:35,Karachi,0,0,0,0,0,0,0,
2025-10-04 11:23:14,0.0,0.0,0,0,0.0,0,haze,26.6,14.9,380.0,10.6,16.0,59.0,11,4,10,5,1,2025-10-14 01:51:35,Karachi,0,0,0,0,0,0,0,
2025-10-04 10:23:14,0.0,0.0,0,0,0.0,0,haze,25.6,14.6,667.0,14.7,14.9,50.0,10,4,10,5,1,2025-10-14 01:51:35,Karachi,0,0,0,0,0,0,0,
2025-10-04 09:23:25,0.0,0.0,0,0,0.0,0,haze,23.2,14.6,1040.0,19.7,12.9,40.0,9,4,10,5,1,2025-10-14 01:51:35,Karachi,0,0,0,0,0,0,0,
2025-10-04 08:23:25,0.0,0.0,0,0,0.0,0,smoke,19.1,13.6,1214.0,21.9,11.0,34.0,8,4,10,5,1,2025-10-14 01:51:35,Karachi,0,0,0,0,0,0,0,
2025-10-04 07:23:25,0.0,0.0,0,0,0.0,0,smoke,15.3,12.4,989.0,18.6,9.3,36.0,7,4,10,5,1,2025-10-14 01:51:35,Karachi,0,0,0,0,0,0,0,
2025-10-04 06:23:25,0.0,0.0,0,0,0.0,0,smoke,12.5,9.9,564.0,12.5,7.7,42.0,6,4,10,5,1,2025-10-14 01:51:35,Karachi,0,0,0,0,0,0,0,
2025-10-04 05:23:25,0.0,0.0,0,0,0.0,0,smoke,12.0,9.3,247.0,7.9,6.6,47.0,5,4,10,5,1,2025-10-14 01:51:35,Karachi,0,0,0,0,0,0,0,
2025-10-04 04:23:25,0.0,0.0,0,0,0.0,0,smoke,15.4,10.9,165.0,6.9,6.2,45.0,4,4,10,5,1,2025-10-14 01:51:35,Karachi,0,0,0,0,0,0,0,
2025-10-04 03:23:25,0.0,0.0,0,0,0.0,0,smoke,15.4,11.1,192.0,7.2,5.8,45.0,3,4,10,5,1,2025-10-14 01:51:35,Karachi,0,0,0,0,0,0,0,
2025-10-04 02:23:25,0.0,0.0,0,0,0.0,0,overcast clouds,15.7,11.3,256.0,8.2,5.7,45.0,2,4,10,5,1,2025-10-14 01:51:35,Karachi,0,0,0,0,0,0,0,
2025-10-04 01:23:25,0.0,0.0,0,0,0.0,0,smoke,16.2,11.7,350.0,9.9,5.9,44.0,1,4,10,5,1,2025-10-14 01:51:35,Karachi,0,0,0,0,0,0,0,
2025-10-04 00:23:25,0.0,0.0,0,0,0.0,0,smoke,16.9,12.3,481.0,12.3,6.2,41.0,0,4,10,5,1,2025-10-14 01:51:35,Karachi,0,0,0,0,0,0,0,
2025-10-03 23:23:25,0.0,0.0,0,0,0.0,0,smoke,17.5,12.7,600.0,14.5,6.6,40.0,23,3,10,4,0,2025-10-14 01:51:35,Karachi,0,0,0,0,0,0,0,
2025-10-03 22:23:25,0.0,0.0,0,0,0.0,0,moderate rain,17.3,12.4,703.0,16.5,6.8,39.0,22,3,10,4,0,2025-10-14 01:51:35,Karachi,0,0,0,0,0,0,0,
2025-10-03 21:23:25,0.0,0.0,0,0,0.0,0,moderate rain,17.4,12.4,793.0,18.4,6.9,39.0,21,3,10,4,0,2025-10-14 01:51:35,Karachi,0,0,0,0,0,0,0,
2025-10-03 20:23:25,0.0,0.0,0,0,0.0,0,moderate rain,17.6,12.5,833.0,19.3,7.2,41.0,20,3,10,4,0,2025-10-14 01:51:35,Karachi,0,0,0,0,0,0,0,
2025-10-03 19:23:25,0.0,0.0,0,0,0.0,0,smoke,17.8,12.7,795.0,18.4,7.8,46.0,19,3,10,4,0,2025-10-14 01:51:35,Karachi,0,0,0,0,0,0,0,
2025-10-03 18:23:25,0.0,0.0,0,0,0.0,0,smoke,17.7,12.5,706.0,16.5,8.5,52.0,18,3,10,4,0,2025-10-14 01:51:35,Karachi,0,0,0,0,0,0,0,
2025-10-03 17:23:25,0.0,0.0,0,0,0.0,0,smoke,17.4,11.2,612.0,15.0,9.0,57.0,17,3,10,4,0,2025-10-14 01:51:35,Karachi,0,0,0,0,0,0,0,
2025-10-03 16:23:25,0.0,0.0,0,0,0.0,0,smoke,11.2,8.1,519.0,9.8,9.5,74.0,16,3,10,4,0,2025-10-14 01:51:35,Karachi,0,0,0,0,0,0,0,
2025-10-03 15:23:25,0.0,0.0,0,0,0.0,0,smoke,11.1,7.7,421.0,7.4,9.1,77.0,15,3,10,4,0,2025-10-14 01:51:35,Karachi,0,0,0,0,0,0,0,
2025-10-03 14:23:25,0.0,0.0,0,0,0.0,0,smoke,11.6,7.5,349.0,5.7,8.9,79.0,14,3,10,4,0,2025-10-14 01:51:35,Karachi,0,0,0,0,0,0,0,
2025-10-03 13:23:25,0.0,0.0,0,0,0.0,0,broken clouds,12.7,8.0,307.0,4.7,9.1,80.0,13,3,10,4,0,2025-10-14 01:51:35,Karachi,0,0,0,0,0,0,0,
2025-10-03 12:23:25,0.0,0.0,0,0,0.0,0,broken clouds,13.9,8.7,291.0,4.4,9.4,79.0,12,3,10,4,0,2025-10-14 01:51:35,Karachi,0,0,0,0,0,0,0,
2025-10-03 11:23:25,0.0,0.0,0,0,0.0,0,broken clouds,14.5,9.0,325.0,5.4,9.5,75.0,11,3,10,4,0,2025-10-14 01:51:35,Karachi,0,0,0,0,0,0,0,
2025-10-03 10:23:25,0.0,0.0,0,0,0.0,0,light rain,14.8,9.3,469.0,9.0,9.4,65.0,10,3,10,4,0,2025-10-14 01:51:35,Karachi,0,0,0,0,0,0,0,
2025-10-03 09:23:37,0.0,0.0,0,0,0.0,0,light rain,14.0,9.7,663.0,13.9,9.0,53.0,9,3,10,4,0,2025-10-14 01:51:35,Karachi,0,0,0,0,0,0,0,
2025-10-03 08:23:37,0.0,0.0,0,0,0.0,0,smoke,12.5,9.1,754.0,16.5,8.6,45.0,8,3,10,4,0,2025-10-14 01:51:35,Karachi,0,0,0,0,0,0,0,
2025-10-03 07:23:37,0.0,0.0,0,0,0.0,0,smoke,9.8,8.3,638.0,14.6,7.9,47.0,7,3,10,4,0,2025-10-14 01:51:35,Karachi,0,0,0,0,0,0,0,
2025-10-03 06:23:37,0.0,0.0,0,0,0.0,0,smoke,8.2,7.1,419.0,10.4,7.2,53.0,6,3,10,4,0,2025-10-14 01:51:35,Karachi,0,0,0,0,0,0,0,
2025-10-03 05:23:37,0.0,0.0,0,0,0.0,0,smoke,8.0,7.0,260.0,7.2,6.6,58.0,5,3,10,4,0,2025-10-14 01:51:35,Karachi,0,0,0,0,0,0,0,
2025-10-03 04:23:37,0.0,0.0,0,0,0.0,0,smoke,7.8,7.1,230.0,6.0,6.3,60.0,4,3,10,4,0,2025-10-14 01:51:35,Karachi,0,0,0,0,0,0,0,
2025-10-03 03:23:37,0.0,0.0,0,0,0.0,0,smoke,7.6,7.0,259.0,5.7,6.0,63.0,3,3,10,4,0,2025-10-14 01:51:35,Karachi,0,0,0,0,0,0,0,
2025-10-03 02:23:37,0.0,0.0,0,0,0.0,0,smoke,7.8,7.1,308.0,6.0,6.1,65.0,2,3,10,4,0,2025-10-14 01:51:35,Karachi,0,0,0,0,0,0,0,
2025-10-03 01:23:37,0.0,0.0,0,0,0.0,0,smoke,8.1,7.5,369.0,7.3,6.6,65.0,1,3,10,4,0,2025-10-14 01:51:35,Karachi,0,0,0,0,0,0,0,
2025-10-03 00:23:37,0.0,0.0,0,0,0.0,0,smoke,9.4,8.6,450.0,9.3,7.4,63.0,0,3,10,4,0,2025-10-14 01:51:35,Karachi,0,0,0,0,0,0,0,
2025-10-02 23:23:37,0.0,0.0,0,0,0.0,0,smoke,10.9,9.8,525.0,11.4,8.0,61.0,23,2,10,3,0,2025-10-14 01:51:35,Karachi,0,0,0,0,0,0,0,
2025-10-02 22:23:37,0.0,0.0,0,0,0.0,0,smoke,12.1,10.7,601.0,14.0,8.3,58.0,22,2,10,3,0,2025-10-14 01:51:35,Karachi,0,0,0,0,0,0,0,
2025-10-02 21:23:37,0.0,0.0,0,0,0.0,0,smoke,13.3,11.6,672.0,16.6,8.5,56.0,21,2,10,3,0,2025-10-14 01:51:35,Karachi,0,0,0,0,0,0,0,
2025-10-02 20:23:37,0.0,0.0,0,0,0.0,0,smoke,14.8,12.7,698.0,17.5,8.4,57.0,20,2,10,3,0,2025-10-14 01:51:35,Karachi,0,0,0,0,0,0,0,
2025-10-02 19:23:37,0.0,0.0,0,0,0.0,0,smoke,16.1,13.4,646.0,15.0,7.9,65.0,19,2,10,3,0,2025-10-14 01:51:35,Karachi,0,0,0,0,0,0,0,
2025-10-02 18:23:37,0.0,0.0,0,0,0.0,0,smoke,15.5,11.5,548.0,10.8,7.1,77.0,18,2,10,3,0,2025-10-14 01:51:35,Karachi,0,0,0,0,0,0,0,
2025-10-02 17:23:37,0.0,0.0,0,0,0.0,0,scattered clouds,15.9,10.6,462.0,7.6,6.6,86.0,17,2,10,3,0,2025-10-14 01:51:35,Karachi,0,0,0,0,0,0,0,
2025-10-02 16:23:37,0.0,0.0,0,0,0.0,0,scattered clouds,12.6,8.4,406.0,5.5,6.2,95.0,16,2,10,3,0,2025-10-14 01:51:35,Karachi,0,0,0,0,0,0,0,
2025-10-02 15:23:37,0.0,0.0,0,0,0.0,0,scattered clouds,13.2,8.7,361.0,4.3,6.1,101.0,15,2,10,3,0,2025-10-14 01:51:35,Karachi,0,0,0,0,0,0,0,
2025-10-02 14:23:37,0.0,0.0,0,0,0.0,0,scattered clouds,14.1,9.5,332.0,3.6,6.4,106.0,14,2,10,3,0,2025-10-14 01:51:35,Karachi,0,0,0,0,0,0,0,
2025-10-02 13:23:37,0.0,0.0,0,0,0.0,0,broken clouds,14.8,10.3,289.0,2.9,7.2,110.0,13,2,10,3,0,2025-10-14 01:51:35,Karachi,0,0,0,0,0,0,0,
2025-10-02 12:23:37,0.0,0.0,0,0,0.0,0,broken clouds,15.9,11.2,262.0,2.7,8.3,111.0,12,2,10,3,0,2025-10-14 01:51:35,Karachi,0,0,0,0,0,0,0,
2025-10-02 11:23:37,0.0,0.0,0,0,0.0,0,scattered clouds,17.4,12.1,344.0,4.6,9.4,105.0,11,2,10,3,0,2025-10-14 01:51:35,Karachi,0,0,0,0,0,0,0,
2025-10-02 10:23:37,0.0,0.0,0,0,0.0,0,scattered clouds,19.3,13.1,676.0,10.9,10.5,86.0,10,2,10,3,0,2025-10-14 01:51:35,Karachi,0,0,0,0,0,0,0,
2025-10-02 09:23:48,0.0,0.0,0,0,0.0,0,scattered clouds,21.7,15.1,1116.0,19.4,11.6,60.0,9,2,10,3,0,2025-10-14 01:51:35,Karachi,0,0,0,0,0,0,0,
2025-10-02 08:23:48,0.0,0.0,0,0,0.0,0,scattered clouds,21.5,18.4,1333.0,24.4,12.0,40.0,8,2,10,3,0,2025-10-14 01:51:35,Karachi,0,0,0,0,0,0,0,
2025-10-02 07:23:48,0.0,0.0,0,0,0.0,0,broken clouds,18.5,16.4,1097.0,22.7,11.1,34.0,7,2,10,3,0,2025-10-14 01:51:35,Karachi,0,0,0,0,0,0,0,
2025-10-02 06:23:48,0.0,0.0,0,0,0.0,0,scattered clouds,15.2,13.3,638.0,17.5,9.5,35.0,6,2,10,3,0,2025-10-14 01:51:35,Karachi,0,0,0,0,0,0,0,
2025-10-02 05:23:48,0.0,0.0,0,0,0.0,0,few clouds,14.3,12.6,310.0,13.6,8.3,36.0,5,2,10,3,0,2025-10-14 01:51:35,Karachi,0,0,0,0,0,0,0,
2025-10-02 04:23:48,0.0,0.0,0,0,0.0,0,clear sky,13.4,11.5,265.0,10.6,7.6,43.0,4,2,10,3,0,2025-10-14 01:51:35,Karachi,0,0,0,0,0,0,0,
2025-10-02 03:23:48,0.0,0.0,0,0,0.0,0,clear sky,13.4,11.4,352.0,9.5,6.6,48.0,3,2,10,3,0,2025-10-14 01:51:35,Karachi,0,0,0,0,0,0,0,
2025-10-02 02:23:48,0.0,0.0,0,0,0.0,0,clear sky,13.0,11.0,469.0,9.5,6.2,52.0,2,2,10,3,0,2025-10-14 01:51:35,Karachi,0,0,0,0,0,0,0,
2025-10-02 01:23:48,0.0,0.0,0,0,0.0,0,mist,12.9,11.3,600.0,11.3,6.6,52.0,1,2,10,3,0,2025-10-14 01:51:35,Karachi,0,0,0,0,0,0,0,
2025-10-02 00:23:48,0.0,0.0,0,0,0.0,0,mist,13.9,12.6,761.0,14.3,7.5,51.0,0,2,10,3,0,2025-10-14 01:51:35,Karachi,0,0,0,0,0,0,0,
2025-10-01 23:23:48,0.0,0.0,0,0,0.0,0,mist,15.4,14.2,899.0,16.5,8.2,51.0,23,1,10,2,0,2025-10-14 01:51:35,Karachi,0,0,0,0,0,0,0,
2025-10-01 22:23:48,0.0,0.0,0,0,0.0,0,clear sky,16.7,15.4,1013.0,17.6,8.3,54.0,22,1,10,2,0,2025-10-14 01:51:35,Karachi,0,0,0,0,0,0,0,
2025-10-01 21:23:48,0.0,0.0,0,0,0.0,0,clear sky,17.8,16.2,1105.0,17.9,8.2,59.0,21,1,10,2,0,2025-10-14 01:51:35,Karachi,0,0,0,0,0,0,0,
2025-10-01 20:23:48,0.0,0.0,0,0,0.0,0,scattered clouds,18.7,17.1,1122.0,17.2,7.9,67.0,20,1,10,2,0,2025-10-14 01:51:35,Karachi,0,0,0,0,0,0,0,
2025-10-01 19:23:48,0.0,0.0,0,0,0.0,0,clear sky,19.4,17.6,1018.0,14.5,7.5,80.0,19,1,10,2,0,2025-10-14 01:51:35,Karachi,0,0,0,0,0,0,0,
2025-10-01 18:23:48,0.0,0.0,0,0,0.0,0,clear sky,19.0,17.0,840.0,10.6,6.9,95.0,18,1,10,2,0,2025-10-14 01:51:35,Karachi,0,0,0,0,0,0,0,
2025-10-01 17:23:48,0.0,0.0,0,0,0.0,0,clear sky,17.3,14.5,676.0,7.8,6.5,106.0,17,1,10,2,0,2025-10-14 01:51:35,Karachi,0,0,0,0,0,0,0,
2025-10-01 16:23:48,0.0,0.0,0,0,0.0,0,few clouds,9.2,8.2,548.0,5.3,7.0,122.0,16,1,10,2,0,2025-10-14 01:51:35,Karachi,0,0,0,0,0,0,0,
2025-10-01 15:23:48,0.0,0.0,0,0,0.0,0,few clouds,9.9,8.7,434.0,4.2,7.2,128.0,15,1,10,2,0,2025-10-14 01:51:35,Karachi,0,0,0,0,0,0,0,
2025-10-01 14:23:48,0.0,0.0,0,0,0.0,0,scattered clouds,10.6,9.2,358.0,3.7,7.8,131.0,14,1,10,2,0,2025-10-14 01:51:35,Karachi,0,0,0,0,0,0,0,
2025-10-01 13:23:48,0.0,0.0,0,0,0.0,0,scattered clouds,11.5,9.7,320.0,3.1,9.2,134.0,13,1,10,2,0,2025-10-14 01:51:35,Karachi,0,0,0,0,0,0,0,
2025-10-01 12:23:48,0.0,0.0,0,0,0.0,0,scattered clouds,12.5,10.4,319.0,3.1,11.1,135.0,12,1,10,2,0,2025-10-14 01:51:35,Karachi,0,0,0,0,0,0,0,
2025-10-01 11:23:48,0.0,0.0,0,0,0.0,0,scattered clouds,12.9,11.0,377.0,5.2,12.4,127.0,11,1,10,2,0,2025-10-14 01:51:35,Karachi,0,0,0,0,0,0,0,
2025-10-01 10:23:48,0.0,0.0,0,0,0.0,0,scattered clouds,12.5,11.7,565.0,11.7,12.8,102.0,10,1,10,2,0,2025-10-14 01:51:35,Karachi,0,0,0,0,0,0,0,
2025-10-01 09:23:59,0.0,0.0,0,0,0.0,0,scattered clouds,15.0,14.8,813.0,20.3,12.7,68.0,9,1,10,2,0,2025-10-14 01:51:35,Karachi,0,0,0,0,0,0,0,
2025-10-01 08:23:59,0.0,0.0,0,0,0.0,0,scattered clouds,22.3,22.2,928.0,25.4,12.3,43.0,8,1,10,2,0,2025-10-14 01:51:35,Karachi,0,0,0,0,0,0,0,
2025-10-01 07:23:59,0.0,0.0,0,0,0.0,0,scattered clouds,22.4,22.2,775.0,23.5,11.3,37.0,7,1,10,2,0,2025-10-14 01:51:35,Karachi,0,0,0,0,0,0,0,
2025-10-01 06:23:59,0.0,0.0,0,0,0.0,0,scattered clouds,19.4,19.3,490.0,18.1,10.0,41.0,6,1,10,2,0,2025-10-14 01:51:35,Karachi,0,0,0,0,0,0,0,
2025-10-01 05:23:59,0.0,0.0,0,0,0.0,0,scattered clouds,18.9,18.8,290.0,14.0,9.1,44.0,5,1,10,2,0,2025-10-14 01:51:35,Karachi,0,0,0,0,0,0,0,
2025-10-01 04:23:59,0.0,0.0,0,0,0.0,0,smoke,21.7,21.7,277.0,15.6,8.8,42.0,4,1,10,2,0,2025-10-14 01:51:35,Karachi,0,0,0,0,0,0,0,
2025-10-01 03:23:59,0.0,0.0,0,0,0.0,0,smoke,22.2,22.1,349.0,15.2,8.0,47.0,3,1,10,2,0,2025-10-14 01:51:35,Karachi,0,0,0,0,0,0,0,
2025-10-01 02:23:59,0.0,0.0,0,0,0.0,0,overcast clouds,23.2,23.1,424.0,16.2,7.7,51.0,2,1,10,2,0,2025-10-14 01:51:35,Karachi,0,0,0,0,0,0,0,
2025-10-01 01:23:59,0.0,0.0,0,0,0.0,0,overcast clouds,24.9,24.8,436.0,18.9,8.3,53.0,1,1,10,2,0,2025-10-14 01:51:35,Karachi,0,0,0,0,0,0,0,
2025-10-01 00:23:59,0.0,0.0,0,0,0.0,0,overcast clouds,27.0,26.9,449.0,23.0,9.4,53.0,0,1,10,2,0,2025-10-14 01:51:35,Karachi,0,0,0,0,0,0,0,
2025-09-30 23:23:59,0.0,0.0,0,0,0.0,0,overcast clouds,28.8,28.7,576.0,27.3,10.5,53.0,23,30,9,1,0,2025-10-14 01:51:35,Karachi,0,0,0,0,0,0,0,
2025-09-30 22:23:59,0.0,0.0,0,0,0.0,0,clear sky,30.6,30.5,964.0,33.2,11.8,50.0,22,30,9,1,0,2025-10-14 01:51:35,Karachi,0,0,0,0,0,0,0,
2025-09-30 21:23:59,0.0,0.0,0,0,0.0,0,clear sky,32.1,32.0,1465.0,39.4,13.0,47.0,21,30,9,1,0,2025-10-14 01:51:35,Karachi,0,0,0,0,0,0,0,
2025-09-30 20:23:59,0.0,0.0,0,0,0.0,0,clear sky,32.5,32.4,1745.0,40.8,13.5,50.0,20,30,9,1,0,2025-10-14 01:51:35,Karachi,0,0,0,0,0,0,0,
2025-09-30 19:23:59,0.0,0.0,0,0,0.0,0,clear sky,30.5,30.4,1609.0,33.2,12.4,67.0,19,30,9,1,0,2025-10-14 01:51:35,Karachi,0,0,0,0,0,0,0,
2025-09-30 18:23:59,0.0,0.0,0,0,0.0,0,clear sky,26.1,25.9,1251.0,20.9,10.5,91.0,18,30,9,1,0,2025-10-14 01:51:35,Karachi,0,0,0,0,0,0,0,
2025-09-30 17:23:59,0.0,0.0,0,0,0.0,0,clear sky,26.3,25.9,922.0,11.8,9.1,108.0,17,30,9,1,0,2025-10-14 01:51:35,Karachi,0,0,0,0,0,0,0,
2025-09-30 16:23:59,0.0,0.0,0,0,0.0,0,overcast clouds,17.6,16.1,689.0,8.5,10.5,119.0,16,30,9,1,0,2025-10-14 01:51:35,Karachi,0,0,0,0,0,0,0,
2025-09-30 15:23:59,0.0,0.0,0,0,0.0,0,overcast clouds,21.5,15.5,485.0,6.3,8.4,124.0,15,30,9,1,0,2025-10-14 01:51:35,Karachi,0,0,0,0,0,0,0,
2025-09-30 14:23:59,0.0,0.0,0,0,0.0,0,overcast clouds,28.1,16.4,361.0,5.2,7.7,128.0,14,30,9,1,0,2025-10-14 01:51:35,Karachi,0,0,0,0,0,0,0,
2025-09-30 13:23:59,0.0,0.0,0,0,0.0,0,overcast clouds,40.5,18.9,334.0,2.9,9.0,139.0,13,30,9,1,0,2025-10-14 01:51:35,Karachi,0,0,0,0,0,0,0,
2025-09-30 12:23:59,0.0,0.0,0,0,0.0,0,overcast clouds,59.8,22.7,387.0,1.7,11.5,150.0,12,30,9,1,0,2025-10-14 01:51:35,Karachi,0,0,0,0,0,0,0,
2025-09-30 11:23:59,0.0,0.0,0,0,0.0,0,thunderstorm with rain,87.8,29.2,526.0,5.4,14.2,146.0,11,30,9,1,0,2025-10-14 01:51:35,Karachi,0,0,0,0,0,0,0,
2025-09-30 10:23:59,0.0,0.0,0,0,0.0,0,scattered clouds,96.2,31.8,853.0,18.0,17.0,114.0,10,30,9,1,0,2025-10-14 01:51:35,Karachi,0,0,0,0,0,0,0,
2025-09-30 09:24:10,0.0,0.0,0,0,0.0,0,scattered clouds,67.1,30.5,1267.0,35.5,19.9,66.0,9,30,9,1,0,2025-10-14 01:51:35,Karachi,0,0,0,0,0,0,0,
2025-09-30 08:24:10,0.0,0.0,0,0,0.0,0,few clouds,47.6,36.3,1463.0,48.7,21.4,30.0,8,30,9,1,0,2025-10-14 01:51:35,Karachi,0,0,0,0,0,0,0,
2025-09-30 07:24:10,0.0,0.0,0,0,0.0,0,haze,43.2,36.3,1221.0,53.5,20.5,16.0,7,30,9,1,0,2025-10-14 01:51:35,Karachi,0,0,0,0,0,0,0,
2025-09-30 06:24:10,0.0,0.0,0,0,0.0,0,haze,43.2,38.0,763.0,54.1,18.1,12.0,6,30,9,1,0,2025-10-14 01:51:35,Karachi,0,0,0,0,0,0,0,
2025-09-30 05:24:10,0.0,0.0,0,0,0.0,0,smoke,47.6,42.3,447.0,54.1,16.4,11.0,5,30,9,1,0,2025-10-14 01:51:35,Karachi,0,0,0,0,0,0,0,
2025-09-30 04:24:10,0.0,0.0,0,0,0.0,0,smoke,38.9,34.9,451.0,60.5,17.3,7.0,4,30,9,1,0,2025-10-14 01:51:35,Karachi,0,0,0,0,0,0,0,
2025-09-30 03:24:10,0.0,0.0,0,0,0.0,0,smoke,40.9,36.0,599.0,60.3,16.8,10.0,3,30,9,1,0,2025-10-14 01:51:35,Karachi,0,0,0,0,0,0,0,
2025-09-30 02:24:10,0.0,0.0,0,0,0.0,0,smoke,43.1,37.1,719.0,60.2,17.3,13.0,2,30,9,1,0,2025-10-14 01:51:35,Karachi,0,0,0,0,0,0,0,
2025-09-30 01:24:10,0.0,0.0,0,0,0.0,0,smoke,43.0,36.9,729.0,60.0,19.9,15.0,1,30,9,1,0,2025-10-14 01:51:35,Karachi,0,0,0,0,0,0,0,
2025-09-30 00:24:10,0.0,0.0,0,0,0.0,0,smoke,44.4,39.2,712.0,59.8,23.6,18.0,0,30,9,1,0,2025-10-14 01:51:35,Karachi,0,0,0,0,0,0,0,
2025-09-29 23:24:10,0.0,0.0,0,0,0.0,0,smoke,56.5,51.5,744.0,61.2,26.0,20.0,23,29,9,0,0,2025-10-14 01:51:35,Karachi,0,0,0,0,0,0,0,
2025-09-29 22:24:10,0.0,0.0,0,0,0.0,0,smoke,58.8,53.3,905.0,68.0,26.1,18.0,22,29,9,0,0,2025-10-14 01:51:35,Karachi,0,0,0,0,0,0,0,
2025-09-29 21:24:10,0.0,0.0,0,0,0.0,0,smoke,56.6,52.2,1114.0,76.3,25.0,16.0,21,29,9,0,0,2025-10-14 01:51:35,Karachi,0,0,0,0,0,0,0,
2025-09-29 20:24:10,0.0,0.0,0,0,0.0,0,smoke,56.5,52.0,1211.0,76.4,22.8,25.0,20,29,9,0,0,2025-10-14 01:51:35,Karachi,0,0,0,0,0,0,0,
2025-09-29 19:24:10,0.0,0.0,0,0,0.0,0,haze,51.6,47.3,1094.0,60.0,19.0,56.0,19,29,9,0,0,2025-10-14 01:51:35,Karachi,0,0,0,0,0,0,0,
2025-09-29 18:24:10,0.0,0.0,0,0,0.0,0,haze,39.7,36.8,865.0,35.3,14.2,97.0,18,29,9,0,0,2025-10-14 01:51:35,Karachi,0,0,0,0,0,0,0,
2025-09-29 17:24:10,0.0,0.0,0,0,0.0,0,haze,29.6,25.3,663.0,17.2,10.8,127.0,17,29,9,0,0,2025-10-14 01:51:35,Karachi,0,0,0,0,0,0,0,
2025-09-29 16:24:10,0.0,0.0,0,0,0.0,0,haze,28.8,23.2,530.0,15.4,15.3,138.0,16,29,9,0,0,2025-10-14 01:51:35,Karachi,0,0,0,0,0,0,0,
2025-09-29 15:24:10,0.0,0.0,0,0,0.0,0,haze,24.4,20.1,425.0,8.3,13.7,155.0,15,29,9,0,0,2025-10-14 01:51:35,Karachi,0,0,0,0,0,0,0,
2025-09-29 14:24:10,0.0,0.0,0,0,0.0,0,haze,25.8,20.4,363.0,4.6,13.3,165.0,14,29,9,0,0,2025-10-14 01:51:35,Karachi,0,0,0,0,0,0,0,
2025-09-29 13:24:10,0.0,0.0,0,0,0.0,0,haze,28.8,22.1,351.0,5.5,15.5,170.0,13,29,9,0,0,2025-10-14 01:51:35,Karachi,0,0,0,0,0,0,0,
2025-09-29 12:24:10,0.0,0.0,0,0,0.0,0,haze,32.2,24.8,382.0,9.7,18.9,169.0,12,29,9,0,0,2025-10-14 01:51:35,Karachi,0,0,0,0,0,0,0,
2025-09-29 11:24:10,0.0,0.0,0,0,0.0,0,haze,34.0,27.5,449.0,14.4,20.7,156.0,11,29,9,0,0,2025-10-14 01:51:35,Karachi,0,0,0,0,0,0,0,
2025-09-29 10:24:10,0.0,0.0,0,0,0.0,0,haze,37.8,29.4,603.0,19.8,19.2,119.0,10,29,9,0,0,2025-10-14 01:51:35,Karachi,0,0,0,0,0,0,0,
2025-09-29 09:24:21,0.0,0.0,0,0,0.0,0,haze,44.4,30.7,793.0,25.7,15.9,70.0,9,29,9,0,0,2025-10-14 01:51:35,Karachi,0,0,0,0,0,0,0,
2025-09-29 08:24:21,0.0,0.0,0,0,0.0,0,haze,49.8,31.7,862.0,27.9,12.9,35.0,8,29,9,0,0,2025-10-14 01:51:35,Karachi,0,0,0,0,0,0,0,
2025-09-29 07:24:21,0.0,0.0,0,0,0.0,0,haze,52.7,28.2,691.0,23.2,10.5,28.0,7,29,9,0,0,2025-10-14 01:51:35,Karachi,0,0,0,0,0,0,0,
2025-09-29 06:24:21,0.0,0.0,0,0,0.0,0,haze,55.1,25.8,399.0,14.7,8.4,35.0,6,29,9,0,0,2025-10-14 01:51:35,Karachi,0,0,0,0,0,0,0,
2025-09-29 05:24:21,0.0,0.0,0,0,0.0,0,haze,58.3,25.7,178.0,8.5,6.9,41.0,5,29,9,0,0,2025-10-14 01:51:35,Karachi,0,0,0,0,0,0,0,
2025-09-29 04:24:21,0.0,0.0,0,0,0.0,0,overcast clouds,61.5,26.8,114.0,5.4,5.2,46.0,4,29,9,0,0,2025-10-14 01:51:35,Karachi,0,0,0,0,0,0,0,
2025-09-29 03:24:21,0.0,0.0,0,0,0.0,0,smoke,62.2,26.8,122.0,5.1,4.9,49.0,3,29,9,0,0,2025-10-14 01:51:35,Karachi,0,0,0,0,0,0,0,
2025-09-29 02:24:21,0.0,0.0,0,0,0.0,0,smoke,61.0,26.7,143.0,6.9,5.3,49.0,2,29,9,0,0,2025-10-14 01:51:35,Karachi,0,0,0,0,0,0,0,
2025-09-29 01:24:21,0.0,0.0,0,0,0.0,0,smoke,60.1,27.2,160.0,11.7,6.5,44.0,1,29,9,0,0,2025-10-14 01:51:35,Karachi,0,0,0,0,0,0,0,
2025-09-29 00:24:21,0.0,0.0,0,0,0.0,0,smoke,62.4,29.6,190.0,18.4,8.2,37.0,0,29,9,0,0,2025-10-14 01:51:35,Karachi,0,0,0,0,0,0,0,
2025-09-28 23:24:21,0.0,0.0,0,0,0.0,0,smoke,68.0,32.7,231.0,24.2,9.8,31.0,23,28,9,6,1,2025-10-14 01:51:35,Karachi,0,0,0,0,0,0,0,
2025-09-28 22:24:21,0.0,0.0,0,0,0.0,0,smoke,72.4,34.5,296.0,28.6,10.7,25.0,22,28,9,6,1,2025-10-14 01:51:35,Karachi,0,0,0,0,0,0,0,
2025-09-28 21:24:21,0.0,0.0,0,0,0.0,0,smoke,76.4,34.6,371.0,32.0,11.3,21.0,21,28,9,6,1,2025-10-14 01:51:35,Karachi,0,0,0,0,0,0,0,
2025-09-28 20:24:21,0.0,0.0,0,0,0.0,0,smoke,75.9,33.9,419.0,32.7,12.4,25.0,20,28,9,6,1,2025-10-14 01:51:35,Karachi,0,0,0,0,0,0,0,
2025-09-28 19:24:21,0.0,0.0,0,0,0.0,0,smoke,66.6,33.2,418.0,28.8,14.4,44.0,19,28,9,6,1,2025-10-14 01:51:35,Karachi,0,0,0,0,0,0,0,
2025-09-28 18:24:21,0.0,0.0,0,0,0.0,0,smoke,59.1,31.9,389.0,22.2,16.9,72.0,18,28,9,6,1,2025-10-14 01:51:35,Karachi,0,0,0,0,0,0,0,
2025-09-28 17:24:21,0.0,0.0,0,0,0.0,0,smoke,54.1,29.9,356.0,17.4,18.6,92.0,17,28,9,6,1,2025-10-14 01:51:35,Karachi,0,0,0,0,0,0,0,
2025-09-28 16:24:21,0.0,0.0,0,0,0.0,0,haze,44.1,26.3,321.0,11.9,19.1,105.0,16,28,9,6,1,2025-10-14 01:51:35,Karachi,0,0,0,0,0,0,0,
2025-09-28 15:24:21,0.0,0.0,0,0,0.0,0,haze,41.8,26.9,281.0,8.3,21.0,126.0,15,28,9,6,1,2025-10-14 01:51:35,Karachi,0,0,0,0,0,0,0,
2025-09-28 14:24:21,0.0,0.0,0,0,0.0,0,haze,40.6,26.8,252.0,6.5,22.6,137.0,14,28,9,6,1,2025-10-14 01:51:35,Karachi,0,0,0,0,0,0,0,
2025-09-28 13:24:21,0.0,0.0,0,0,0.0,0,scattered clouds,39.8,26.5,241.0,7.0,24.1,131.0,13,28,9,6,1,2025-10-14 01:51:35,Karachi,0,0,0,0,0,0,0,
2025-09-28 12:24:21,0.0,0.0,0,0,0.0,0,scattered clouds,37.8,25.0,241.0,9.2,25.2,114.0,12,28,9,6,1,2025-10-14 01:51:35,Karachi,0,0,0,0,0,0,0,
2025-09-28 11:24:21,0.0,0.0,0,0,0.0,0,scattered clouds,36.1,23.1,250.0,11.7,24.7,95.0,11,28,9,6,1,2025-10-14 01:51:35,Karachi,0,0,0,0,0,0,0,
2025-09-28 10:24:21,0.0,0.0,0,0,0.0,0,scattered clouds,35.3,22.6,279.0,14.9,21.3,74.0,10,28,9,6,1,2025-10-14 01:51:35,Karachi,0,0,0,0,0,0,0,
2025-09-28 09:24:33,0.0,0.0,0,0,0.0,0,overcast clouds,34.5,22.4,316.0,18.5,16.2,51.0,9,28,9,6,1,2025-10-14 01:51:35,Karachi,0,0,0,0,0,0,0,
2025-09-28 08:24:33,0.0,0.0,0,0,0.0,0,overcast clouds,32.6,21.8,327.0,20.1,12.1,35.0,8,28,9,6,1,2025-10-14 01:51:35,Karachi,0,0,0,0,0,0,0,
2025-09-28 07:24:33,0.0,0.0,0,0,0.0,0,overcast clouds,29.6,20.5,285.0,17.9,10.0,31.0,7,28,9,6,1,2025-10-14 01:51:35,Karachi,0,0,0,0,0,0,0,
2025-09-28 06:24:33,0.0,0.0,0,0,0.0,0,smoke,26.0,17.1,216.0,13.7,8.8,33.0,6,28,9,6,1,2025-10-14 01:51:35,Karachi,0,0,0,0,0,0,0,
2025-09-28 05:24:33,0.0,0.0,0,0,0.0,0,smoke,25.1,16.3,163.0,10.6,8.1,36.0,5,28,9,6,1,2025-10-14 01:51:35,Karachi,0,0,0,0,0,0,0,
2025-09-28 04:24:33,0.0,0.0,0,0,0.0,0,overcast clouds,24.9,15.8,140.0,9.2,7.4,39.0,4,28,9,6,1,2025-10-14 01:51:35,Karachi,0,0,0,0,0,0,0,
2025-09-28 03:24:33,0.0,0.0,0,0,0.0,0,overcast clouds,25.4,16.3,132.0,10.5,7.3,39.0,3,28,9,6,1,2025-10-14 01:51:35,Karachi,0,0,0,0,0,0,0,
2025-09-28 02:24:33,0.0,0.0,0,0,0.0,0,smoke,26.7,17.3,146.0,14.1,7.9,36.0,2,28,9,6,1,2025-10-14 01:51:35,Karachi,0,0,0,0,0,0,0,
2025-09-28 01:24:33,0.0,0.0,0,0,0.0,0,smoke,28.3,19.2,189.0,22.1,9.6,28.0,1,28,9,6,1,2025-10-14 01:51:35,Karachi,0,0,0,0,0,0,0,
2025-09-28 00:24:33,0.0,0.0,0,0,0.0,0,smoke,31.1,21.9,253.0,32.5,11.9,19.0,0,28,9,6,1,2025-10-14 01:51:35,Karachi,0,0,0,0,0,0,0,
2025-09-27 23:24:33,0.0,0.0,0,0,0.0,0,smoke,33.3,24.0,315.0,40.1,13.7,12.0,23,27,9,5,1,2025-10-14 01:51:35,Karachi,0,0,0,0,0,0,0,
2025-09-27 22:24:33,0.0,0.0,0,0,0.0,0,smoke,33.6,24.1,377.0,43.4,14.4,9.0,22,27,9,5,1,2025-10-14 01:51:35,Karachi,0,0,0,0,0,0,0,
2025-09-27 21:24:33,0.0,0.0,0,0,0.0,0,smoke,33.5,23.6,438.0,44.0,14.6,9.0,21,27,9,5,1,2025-10-14 01:51:35,Karachi,0,0,0,0,0,0,0,
2025-09-27 20:24:33,0.0,0.0,0,0,0.0,0,smoke,33.5,23.7,470.0,41.4,15.5,17.0,20,27,9,5,1,2025-10-14 01:51:35,Karachi,0,0,0,0,0,0,0,
2025-09-27 19:24:33,0.0,0.0,0,0,0.0,0,smoke,33.4,23.9,455.0,33.5,17.9,41.0,19,27,9,5,1,2025-10-14 01:51:35,Karachi,0,0,0,0,0,0,0,
2025-09-27 18:24:33,0.0,0.0,0,0,0.0,0,smoke,32.4,21.8,411.0,22.4,21.1,73.0,18,27,9,5,1,2025-10-14 01:51:35,Karachi,0,0,0,0,0,0,0,
2025-09-27 17:24:33,0.0,0.0,0,0,0.0,0,smoke,31.8,21.4,366.0,14.4,23.3,97.0,17,27,9,5,1,2025-10-14 01:51:35,Karachi,0,0,0,0,0,0,0,
2025-09-27 16:24:33,0.0,0.0,0,0,0.0,0,haze,33.1,21.7,324.0,9.8,22.4,103.0,16,27,9,5,1,2025-10-14 01:51:35,Karachi,0,0,0,0,0,0,0,
2025-09-27 15:24:33,0.0,0.0,0,0,0.0,0,haze,34.0,22.5,280.0,6.9,24.2,122.0,15,27,9,5,1,2025-10-14 01:51:35,Karachi,0,0,0,0,0,0,0,
2025-09-27 14:24:33,0.0,0.0,0,0,0.0,0,haze,33.6,22.2,250.0,5.5,25.4,131.0,14,27,9,5,1,2025-10-14 01:51:35,Karachi,0,0,0,0,0,0,0,
2025-09-27 13:24:33,0.0,0.0,0,0,0.0,0,haze,33.3,21.4,234.0,5.4,25.9,127.0,13,27,9,5,1,2025-10-14 01:51:35,Karachi,0,0,0,0,0,0,0,
2025-09-27 12:24:33,0.0,0.0,0,0,0.0,0,overcast clouds,32.6,19.8,231.0,6.8,25.8,115.0,12,27,9,5,1,2025-10-14 01:51:35,Karachi,0,0,0,0,0,0,0,
2025-09-27 11:24:33,0.0,0.0,0,0,0.0,0,overcast clouds,37.8,21.4,256.0,9.2,24.6,98.0,11,27,9,5,1,2025-10-14 01:51:35,Karachi,0,0,0,0,0,0,0,
2025-09-27 10:24:33,0.0,0.0,0,0,0.0,0,scattered clouds,42.6,22.9,342.0,13.7,21.6,76.0,10,27,9,5,1,2025-10-14 01:51:35,Karachi,0,0,0,0,0,0,0,
2025-09-27 09:24:43,0.0,0.0,0,0,0.0,0,scattered clouds,46.8,24.7,456.0,19.3,17.5,50.0,9,27,9,5,1,2025-10-14 01:51:35,Karachi,0,0,0,0,0,0,0,
2025-09-27 08:24:43,0.0,0.0,0,0,0.0,0,scattered clouds,44.4,24.9,506.0,22.4,14.0,31.0,8,27,9,5,1,2025-10-14 01:51:35,Karachi,0,0,0,0,0,0,0,
2025-09-27 07:24:43,0.0,0.0,0,0,0.0,0,few clouds,38.1,22.6,430.0,20.5,11.8,26.0,7,27,9,5,1,2025-10-14 01:51:35,Karachi,0,0,0,0,0,0,0,
2025-09-27 06:24:43,0.0,0.0,0,0,0.0,0,few clouds,33.9,18.3,290.0,16.1,10.2,29.0,6,27,9,5,1,2025-10-14 01:51:35,Karachi,0,0,0,0,0,0,0,
2025-09-27 05:24:43,0.0,0.0,0,0,0.0,0,few clouds,33.1,17.8,183.0,12.7,9.1,32.0,5,27,9,5,1,2025-10-14 01:51:35,Karachi,0,0,0,0,0,0,0,
2025-09-27 04:24:43,0.0,0.0,0,0,0.0,0,few clouds,32.0,17.9,138.0,16.3,9.5,30.0,4,27,9,5,1,2025-10-14 01:51:35,Karachi,0,0,0,0,0,0,0,
2025-09-27 03:24:43,0.0,0.0,0,0,0.0,0,few clouds,32.8,19.2,126.0,22.7,10.5,24.0,3,27,9,5,1,2025-10-14 01:51:35,Karachi,0,0,0,0,0,0,0,
2025-09-27 02:24:43,0.0,0.0,0,0,0.0,0,smoke,34.9,21.6,161.0,29.1,11.8,19.0,2,27,9,5,1,2025-10-14 01:51:35,Karachi,0,0,0,0,0,0,0,
2025-09-27 01:24:43,0.0,0.0,0,0,0.0,0,smoke,38.5,25.1,282.0,35.2,13.5,14.0,1,27,9,5,1,2025-10-14 01:51:35,Karachi,0,0,0,0,0,0,0,
2025-09-27 00:24:43,0.0,0.0,0,0,0.0,0,smoke,42.0,28.4,451.0,41.2,15.4,9.0,0,27,9,5,1,2025-10-14 01:51:35,Karachi,0,0,0,0,0,0,0,
2025-09-26 23:24:43,0.0,0.0,0,0,0.0,0,few clouds,43.4,28.9,566.0,45.1,16.9,6.0,23,26,9,4,0,2025-10-14 01:51:35,Karachi,0,0,0,0,0,0,0,
2025-09-26 22:24:43,0.0,0.0,0,0,0.0,0,scattered clouds,43.2,27.8,577.0,46.3,17.2,5.0,22,26,9,4,0,2025-10-14 01:51:35,Karachi,0,0,0,0,0,0,0,
2025-09-26 21:24:43,0.0,0.0,0,0,0.0,0,scattered clouds,43.4,27.0,534.0,45.2,17.1,7.0,21,26,9,4,0,2025-10-14 01:51:35,Karachi,0,0,0,0,0,0,0,
2025-09-26 20:24:43,0.0,0.0,0,0,0.0,0,few clouds,44.6,26.8,485.0,41.3,17.5,16.0,20,26,9,4,0,2025-10-14 01:51:35,Karachi,0,0,0,0,0,0,0,
2025-09-26 19:24:43,0.0,0.0,0,0,0.0,0,few clouds,45.8,27.0,441.0,32.2,19.2,40.0,19,26,9,4,0,2025-10-14 01:51:35,Karachi,0,0,0,0,0,0,0,
2025-09-26 18:24:43,0.0,0.0,0,0,0.0,0,clear sky,50.1,25.8,391.0,20.1,21.5,71.0,18,26,9,4,0,2025-10-14 01:51:35,Karachi,0,0,0,0,0,0,0,
2025-09-26 17:24:43,0.0,0.0,0,0,0.0,0,clear sky,53.7,27.4,346.0,11.4,23.1,93.0,17,26,9,4,0,2025-10-14 01:51:35,Karachi,0,0,0,0,0,0,0,
2025-09-26 16:24:43,0.0,0.0,0,0,0.0,0,clear sky,66.1,32.2,310.0,8.2,23.0,108.0,16,26,9,4,0,2025-10-14 01:51:35,Karachi,0,0,0,0,0,0,0,
2025-09-26 15:24:43,0.0,0.0,0,0,0.0,0,few clouds,69.4,33.6,280.0,6.2,23.4,122.0,15,26,9,4,0,2025-10-14 01:51:35,Karachi,0,0,0,0,0,0,0,
2025-09-26 14:24:43,0.0,0.0,0,0,0.0,0,few clouds,68.9,33.1,260.0,5.2,23.6,127.0,14,26,9,4,0,2025-10-14 01:51:35,Karachi,0,0,0,0,0,0,0,
2025-09-26 13:24:43,0.0,0.0,0,0,0.0,0,few clouds,69.4,32.2,240.0,5.0,24.2,118.0,13,26,9,4,0,2025-10-14 01:51:35,Karachi,0,0,0,0,0,0,0,
2025-09-26 12:24:43,0.0,0.0,0,0,0.0,0,few clouds,69.8,31.1,230.0,5.9,24.6,100.0,12,26,9,4,0,2025-10-14 01:51:35,Karachi,0,0,0,0,0,0,0,
2025-09-26 11:24:43,0.0,0.0,0,0,0.0,0,haze,71.0,30.4,259.0,7.8,23.9,81.0,11,26,9,4,0,2025-10-14 01:51:35,Karachi,0,0,0,0,0,0,0,
2025-09-26 10:24:43,0.0,0.0,0,0,0.0,0,haze,73.1,30.3,377.0,11.4,21.2,63.0,10,26,9,4,0,2025-10-14 01:51:35,Karachi,0,0,0,0,0,0,0,
2025-09-26 09:25:04,0.0,0.0,0,0,0.0,0,haze,79.6,32.2,534.0,15.9,17.4,45.0,9,26,9,4,0,2025-10-14 01:51:35,Karachi,0,0,0,0,0,0,0,
2025-09-26 08:25:04,0.0,0.0,0,0,0.0,0,haze,65.7,31.0,608.0,19.5,14.2,31.0,8,26,9,4,0,2025-10-14 01:51:35,Karachi,0,0,0,0,0,0,0,
2025-09-26 07:25:04,0.0,0.0,0,0,0.0,0,scattered clouds,60.5,31.0,507.0,21.1,12.2,24.0,7,26,9,4,0,2025-10-14 01:51:35,Karachi,0,0,0,0,0,0,0,
2025-09-26 06:25:04,0.0,0.0,0,0,0.0,0,smoke,57.7,28.6,324.0,21.8,10.7,21.0,6,26,9,4,0,2025-10-14 01:51:35,Karachi,0,0,0,0,0,0,0,
2025-09-26 05:25:04,0.0,0.0,0,0,0.0,0,smoke,52.9,27.6,213.0,22.1,9.8,20.0,5,26,9,4,0,2025-10-14 01:51:35,Karachi,0,0,0,0,0,0,0,
2025-09-26 04:25:04,0.0,0.0,0,0,0.0,0,scattered clouds,53.0,28.4,256.0,27.8,10.6,17.0,4,26,9,4,0,2025-10-14 01:51:35,Karachi,0,0,0,0,0,0,0,
2025-09-26 03:25:04,0.0,0.0,0,0,0.0,0,smoke,53.6,29.0,372.0,33.0,11.1,14.0,3,26,9,4,0,2025-10-14 01:51:35,Karachi,0,0,0,0,0,0,0,
2025-09-26 02:25:04,0.0,0.0,0,0,0.0,0,smoke,54.6,30.2,474.0,37.4,11.8,11.0,2,26,9,4,0,2025-10-14 01:51:35,Karachi,0,0,0,0,0,0,0,
2025-09-26 01:25:04,0.0,0.0,0,0,0.0,0,smoke,56.2,31.7,538.0,40.4,12.7,9.0,1,26,9,4,0,2025-10-14 01:51:35,Karachi,0,0,0,0,0,0,0,
2025-09-26 00:25:04,0.0,0.0,0,0,0.0,0,smoke,58.0,33.2,589.0,42.5,13.9,7.0,0,26,9,4,0,2025-10-14 01:51:35,Karachi,0,0,0,0,0,0,0,
2025-09-25 23:25:04,0.0,0.0,0,0,0.0,0,scattered clouds,59.0,33.1,616.0,43.6,14.8,7.0,23,25,9,3,0,2025-10-14 01:51:35,Karachi,0,0,0,0,0,0,0,
2025-09-25 22:25:04,0.0,0.0,0,0,0.0,0,few clouds,58.3,32.0,613.0,44.0,15.2,7.0,22,25,9,3,0,2025-10-14 01:51:35,Karachi,0,0,0,0,0,0,0,
2025-09-25 21:25:04,0.0,0.0,0,0,0.0,0,few clouds,58.3,31.3,586.0,43.3,15.4,9.0,21,25,9,3,0,2025-10-14 01:51:35,Karachi,0,0,0,0,0,0,0,
2025-09-25 20:25:04,0.0,0.0,0,0,0.0,0,few clouds,59.1,30.4,546.0,39.8,15.7,15.0,20,25,9,3,0,2025-10-14 01:51:35,Karachi,0,0,0,0,0,0,0,
2025-09-25 19:25:04,0.0,0.0,0,0,0.0,0,few clouds,60.3,29.2,488.0,31.0,16.4,29.0,19,25,9,3,0,2025-10-14 01:51:35,Karachi,0,0,0,0,0,0,0,
2025-09-25 18:25:04,0.0,0.0,0,0,0.0,0,few clouds,69.2,28.1,418.0,19.3,17.1,46.0,18,25,9,3,0,2025-10-14 01:51:35,Karachi,0,0,0,0,0,0,0,
2025-09-25 17:25:04,0.0,0.0,0,0,0.0,0,few clouds,73.3,28.6,357.0,10.9,17.7,59.0,17,25,9,3,0,2025-10-14 01:51:35,Karachi,0,0,0,0,0,0,0,
2025-09-25 16:25:04,0.0,0.0,0,0,0.0,0,few clouds,59.3,23.3,315.0,7.4,16.7,66.0,16,25,9,3,0,2025-10-14 01:51:35,Karachi,0,0,0,0,0,0,0,
2025-09-25 15:25:04,0.0,0.0,0,0,0.0,0,few clouds,62.6,24.6,284.0,6.4,17.0,74.0,15,25,9,3,0,2025-10-14 01:51:35,Karachi,0,0,0,0,0,0,0,
2025-09-25 14:25:04,0.0,0.0,0,0,0.0,0,few clouds,65.2,25.9,261.0,6.1,17.5,78.0,14,25,9,3,0,2025-10-14 01:51:35,Karachi,0,0,0,0,0,0,0,
2025-09-25 13:25:04,0.0,0.0,0,0,0.0,0,few clouds,64.7,25.6,240.0,6.2,18.5,77.0,13,25,9,3,0,2025-10-14 01:51:35,Karachi,0,0,0,0,0,0,0,
2025-09-25 12:25:04,0.0,0.0,0,0,0.0,0,few clouds,66.1,25.9,227.0,7.0,19.6,72.0,12,25,9,3,0,2025-10-14 01:51:35,Karachi,0,0,0,0,0,0,0,
2025-09-25 11:25:04,0.0,0.0,0,0,0.0,0,scattered clouds,64.0,25.2,237.0,8.4,19.7,66.0,11,25,9,3,0,2025-10-14 01:51:35,Karachi,0,0,0,0,0,0,0,
2025-09-25 10:25:04,0.0,0.0,0,0,0.0,0,broken clouds,63.6,24.3,300.0,10.9,18.1,58.0,10,25,9,3,0,2025-10-14 01:51:35,Karachi,0,0,0,0,0,0,0,
2025-09-25 09:25:31,0.0,0.0,0,0,0.0,0,broken clouds,60.5,24.4,386.0,13.9,15.5,47.0,9,25,9,3,0,2025-10-14 01:51:35,Karachi,0,0,0,0,0,0,0,
2025-09-25 08:25:31,0.0,0.0,0,0,0.0,0,broken clouds,56.9,24.8,425.0,15.7,13.2,40.0,8,25,9,3,0,2025-10-14 01:51:35,Karachi,0,0,0,0,0,0,0,
2025-09-25 07:25:31,0.0,0.0,0,0,0.0,0,broken clouds,46.4,23.0,370.0,14.9,11.4,37.0,7,25,9,3,0,2025-10-14 01:51:35,Karachi,0,0,0,0,0,0,0,
2025-09-25 06:25:31,0.0,0.0,0,0,0.0,0,haze,42.1,20.2,268.0,12.9,9.7,37.0,6,25,9,3,0,2025-10-14 01:51:35,Karachi,0,0,0,0,0,0,0,
2025-09-25 05:25:31,0.0,0.0,0,0,0.0,0,haze,42.1,19.8,191.0,11.3,8.6,37.0,5,25,9,3,0,2025-10-14 01:51:35,Karachi,0,0,0,0,0,0,0,
2025-09-25 04:25:31,0.0,0.0,0,0,0.0,0,scattered clouds,46.0,20.8,166.0,12.5,8.4,35.0,4,25,9,3,0,2025-10-14 01:51:35,Karachi,0,0,0,0,0,0,0,
2025-09-25 03:25:31,0.0,0.0,0,0,0.0,0,smoke,46.2,21.1,167.0,13.3,8.4,36.0,3,25,9,3,0,2025-10-14 01:51:35,Karachi,0,0,0,0,0,0,0,
2025-09-25 02:25:31,0.0,0.0,0,0,0.0,0,smoke,46.3,21.5,185.0,15.3,8.6,35.0,2,25,9,3,0,2025-10-14 01:51:35,Karachi,0,0,0,0,0,0,0,
2025-09-25 01:25:31,0.0,0.0,0,0,0.0,0,smoke,46.8,22.2,226.0,19.3,9.1,31.0,1,25,9,3,0,2025-10-14 01:51:35,Karachi,0,0,0,0,0,0,0,
2025-09-25 00:25:31,0.0,0.0,0,0,0.0,0,smoke,47.3,23.2,286.0,24.3,9.9,26.0,0,25,9,3,0,2025-10-14 01:51:35,Karachi,0,0,0,0,0,0,0,
2025-09-24 23:25:31,0.0,0.0,0,0,0.0,0,smoke,48.1,24.2,341.0,28.2,10.6,22.0,23,24,9,2,0,2025-10-14 01:51:35,Karachi,0,0,0,0,0,0,0,
2025-09-24 22:25:31,0.0,0.0,0,0,0.0,0,smoke,48.2,24.6,394.0,30.6,11.2,20.0,22,24,9,2,0,2025-10-14 01:51:35,Karachi,0,0,0,0,0,0,0,
2025-09-24 21:25:31,0.0,0.0,0,0,0.0,0,smoke,48.9,24.7,442.0,31.7,11.8,18.0,21,24,9,2,0,2025-10-14 01:51:35,Karachi,0,0,0,0,0,0,0,
2025-09-24 20:25:31,0.0,0.0,0,0,0.0,0,smoke,49.6,24.6,462.0,30.3,12.4,21.0,20,24,9,2,0,2025-10-14 01:51:35,Karachi,0,0,0,0,0,0,0,
2025-09-24 19:25:31,0.0,0.0,0,0,0.0,0,smoke,51.2,23.9,432.0,24.1,13.0,30.0,19,24,9,2,0,2025-10-14 01:51:35,Karachi,0,0,0,0,0,0,0,
2025-09-24 18:25:31,0.0,0.0,0,0,0.0,0,smoke,61.2,23.1,373.0,15.4,13.5,43.0,18,24,9,2,0,2025-10-14 01:51:35,Karachi,0,0,0,0,0,0,0,
2025-09-24 17:25:31,0.0,0.0,0,0,0.0,0,smoke,67.5,23.7,320.0,9.0,13.9,53.0,17,24,9,2,0,2025-10-14 01:51:35,Karachi,0,0,0,0,0,0,0,
2025-09-24 16:25:31,0.0,0.0,0,0,0.0,0,smoke,56.3,20.8,285.0,7.1,12.7,55.0,16,24,9,2,0,2025-10-14 01:51:35,Karachi,0,0,0,0,0,0,0,
2025-09-24 15:25:31,0.0,0.0,0,0,0.0,0,smoke,53.4,20.2,256.0,6.8,13.0,58.0,15,24,9,2,0,2025-10-14 01:51:35,Karachi,0,0,0,0,0,0,0,
2025-09-24 14:25:31,0.0,0.0,0,0,0.0,0,smoke,53.3,20.8,235.0,6.9,13.3,60.0,14,24,9,2,0,2025-10-14 01:51:35,Karachi,0,0,0,0,0,0,0,
2025-09-24 13:25:31,0.0,0.0,0,0,0.0,0,smoke,82.2,28.9,221.0,6.5,14.0,61.0,13,24,9,2,0,2025-10-14 01:51:35,Karachi,0,0,0,0,0,0,0,
2025-09-24 12:25:31,0.0,0.0,0,0,0.0,0,broken clouds,68.7,25.0,214.0,6.6,14.9,61.0,12,24,9,2,0,2025-10-14 01:51:35,Karachi,0,0,0,0,0,0,0,
2025-09-24 11:25:31,0.0,0.0,0,0,0.0,0,broken clouds,60.8,22.9,222.0,7.8,15.1,59.0,11,24,9,2,0,2025-10-14 01:51:35,Karachi,0,0,0,0,0,0,0,
2025-09-24 10:25:31,0.0,0.0,0,0,0.0,0,broken clouds,58.6,22.1,262.0,11.9,14.3,51.0,10,24,9,2,0,2025-10-14 01:51:35,Karachi,0,0,0,0,0,0,0,
2025-09-24 09:25:54,0.0,0.0,0,0,0.0,0,smoke,54.5,21.9,316.0,17.2,13.0,41.0,9,24,9,2,0,2025-10-14 01:51:35,Karachi,0,0,0,0,0,0,0,
2025-09-24 08:25:54,0.0,0.0,0,0,0.0,0,smoke,43.5,22.2,335.0,19.7,11.6,35.0,8,24,9,2,0,2025-10-14 01:51:35,Karachi,0,0,0,0,0,0,0,
2025-09-24 07:25:54,0.0,0.0,0,0,0.0,0,smoke,45.8,21.1,285.0,16.8,10.1,36.0,7,24,9,2,0,2025-10-14 01:51:35,Karachi,0,0,0,0,0,0,0,
2025-09-24 06:25:54,0.0,0.0,0,0,0.0,0,smoke,43.3,19.2,201.0,11.1,8.6,42.0,6,24,9,2,0,2025-10-14 01:51:35,Karachi,0,0,0,0,0,0,0,
2025-09-24 05:25:54,0.0,0.0,0,0,0.0,0,smoke,43.2,19.0,139.0,6.9,7.5,46.0,5,24,9,2,0,2025-10-14 01:51:35,Karachi,0,0,0,0,0,0,0,
2025-09-24 04:25:54,0.0,0.0,0,0,0.0,0,smoke,37.8,17.9,119.0,6.5,6.8,46.0,4,24,9,2,0,2025-10-14 01:51:35,Karachi,0,0,0,0,0,0,0,
2025-09-24 03:25:54,0.0,0.0,0,0,0.0,0,smoke,36.1,17.7,121.0,7.3,6.7,46.0,3,24,9,2,0,2025-10-14 01:51:35,Karachi,0,0,0,0,0,0,0,
2025-09-24 02:25:54,0.0,0.0,0,0,0.0,0,smoke,36.0,18.3,137.0,9.3,7.0,44.0,2,24,9,2,0,2025-10-14 01:51:35,Karachi,0,0,0,0,0,0,0,
2025-09-24 01:25:54,0.0,0.0,0,0,0.0,0,smoke,36.4,19.3,172.0,12.9,7.6,40.0,1,24,9,2,0,2025-10-14 01:51:35,Karachi,0,0,0,0,0,0,0,
2025-09-24 00:25:54,0.0,0.0,0,0,0.0,0,smoke,37.4,20.4,222.0,17.7,8.6,35.0,0,24,9,2,0,2025-10-14 01:51:35,Karachi,0,0,0,0,0,0,0,
2025-09-23 23:25:54,0.0,0.0,0,0,0.0,0,smoke,38.3,21.5,265.0,21.9,9.6,31.0,23,23,9,1,0,2025-10-14 01:51:35,Karachi,0,0,0,0,0,0,0,
2025-09-23 22:25:54,0.0,0.0,0,0,0.0,0,smoke,39.1,22.4,296.0,25.9,10.7,27.0,22,23,9,1,0,2025-10-14 01:51:35,Karachi,0,0,0,0,0,0,0,
2025-09-23 21:25:54,0.0,0.0,0,0,0.0,0,smoke,39.0,22.7,320.0,29.4,11.9,23.0,21,23,9,1,0,2025-10-14 01:51:35,Karachi,0,0,0,0,0,0,0,
2025-09-23 20:25:54,0.0,0.0,0,0,0.0,0,smoke,39.6,22.8,330.0,29.6,12.7,24.0,20,23,9,1,0,2025-10-14 01:51:35,Karachi,0,0,0,0,0,0,0,
2025-09-23 19:25:54,0.0,0.0,0,0,0.0,0,broken clouds,39.5,21.8,320.0,23.8,12.9,33.0,19,23,9,1,0,2025-10-14 01:51:35,Karachi,0,0,0,0,0,0,0,
2025-09-23 18:25:54,0.0,0.0,0,0,0.0,0,smoke,44.1,20.5,296.0,14.8,12.8,46.0,18,23,9,1,0,2025-10-14 01:51:35,Karachi,0,0,0,0,0,0,0,
2025-09-23 17:25:54,0.0,0.0,0,0,0.0,0,smoke,48.0,21.1,272.0,8.2,12.7,56.0,17,23,9,1,0,2025-10-14 01:51:35,Karachi,0,0,0,0,0,0,0,
2025-09-23 16:25:54,0.0,0.0,0,0,0.0,0,smoke,43.8,18.6,253.0,5.7,11.8,61.0,16,23,9,1,0,2025-10-14 01:51:35,Karachi,0,0,0,0,0,0,0,
2025-09-23 15:25:54,0.0,0.0,0,0,0.0,0,smoke,46.8,19.5,234.0,4.8,11.9,66.0,15,23,9,1,0,2025-10-14 01:51:35,Karachi,0,0,0,0,0,0,0,
2025-09-23 14:25:54,0.0,0.0,0,0,0.0,0,smoke,49.5,20.4,218.0,4.5,12.2,69.0,14,23,9,1,0,2025-10-14 01:51:35,Karachi,0,0,0,0,0,0,0,
2025-09-23 13:25:54,0.0,0.0,0,0,0.0,0,smoke,51.7,20.7,201.0,4.1,12.8,71.0,13,23,9,1,0,2025-10-14 01:51:35,Karachi,0,0,0,0,0,0,0,
2025-09-23 12:25:54,0.0,0.0,0,0,0.0,0,smoke,51.3,20.5,188.0,4.3,13.6,71.0,12,23,9,1,0,2025-10-14 01:51:35,Karachi,0,0,0,0,0,0,0,
2025-09-23 11:25:54,0.0,0.0,0,0,0.0,0,smoke,52.2,20.8,191.0,5.2,13.9,69.0,11,23,9,1,0,2025-10-14 01:51:35,Karachi,0,0,0,0,0,0,0,
2025-09-23 10:25:54,0.0,0.0,0,0,0.0,0,smoke,49.5,19.5,233.0,7.6,13.5,62.0,10,23,9,1,0,2025-10-14 01:51:35,Karachi,0,0,0,0,0,0,0,
2025-09-23 09:26:21,0.0,0.0,0,0,0.0,0,smoke,43.3,17.8,292.0,10.8,12.6,51.0,9,23,9,1,0,2025-10-14 01:51:35,Karachi,0,0,0,0,0,0,0,
2025-09-23 08:26:21,0.0,0.0,0,0,0.0,0,smoke,35.5,16.7,316.0,12.6,11.5,44.0,8,23,9,1,0,2025-10-14 01:51:35,Karachi,0,0,0,0,0,0,0,
2025-09-23 07:26:21,0.0,0.0,0,0,0.0,0,smoke,28.3,15.3,268.0,11.5,10.0,42.0,7,23,9,1,0,2025-10-14 01:51:35,Karachi,0,0,0,0,0,0,0,
2025-09-23 06:26:21,0.0,0.0,0,0,0.0,0,broken clouds,25.8,13.1,185.0,9.1,8.4,42.0,6,23,9,1,0,2025-10-14 01:51:35,Karachi,0,0,0,0,0,0,0,
2025-09-23 05:26:21,0.0,0.0,0,0,0.0,0,smoke,25.3,12.6,125.0,7.2,7.2,43.0,5,23,9,1,0,2025-10-14 01:51:35,Karachi,0,0,0,0,0,0,0,
2025-09-23 04:26:21,0.0,0.0,0,0,0.0,0,scattered clouds,24.7,12.4,111.0,7.0,6.9,45.0,4,23,9,1,0,2025-10-14 01:51:35,Karachi,0,0,0,0,0,0,0,
2025-09-23 03:26:21,0.0,0.0,0,0,0.0,0,smoke,25.6,12.9,120.0,7.9,7.1,44.0,3,23,9,1,0,2025-10-14 01:51:35,Karachi,0,0,0,0,0,0,0,
2025-09-23 02:26:21,0.0,0.0,0,0,0.0,0,smoke,26.7,13.5,140.0,9.6,7.4,43.0,2,23,9,1,0,2025-10-14 01:51:35,Karachi,0,0,0,0,0,0,0,
2025-09-23 01:26:21,0.0,0.0,0,0,0.0,0,smoke,28.0,14.3,171.0,12.4,7.9,41.0,1,23,9,1,0,2025-10-14 01:51:35,Karachi,0,0,0,0,0,0,0,
2025-09-23 00:26:21,0.0,0.0,0,0,0.0,0,smoke,29.3,15.4,212.0,16.0,8.6,38.0,0,23,9,1,0,2025-10-14 01:51:35,Karachi,0,0,0,0,0,0,0,
2025-09-22 23:26:21,0.0,0.0,0,0,0.0,0,smoke,30.6,16.4,252.0,19.0,9.4,35.0,23,22,9,0,0,2025-10-14 01:51:35,Karachi,0,0,0,0,0,0,0,
2025-09-22 22:26:21,0.0,0.0,0,0,0.0,0,smoke,31.4,17.1,293.0,21.5,10.2,33.0,22,22,9,0,0,2025-10-14 01:51:35,Karachi,0,0,0,0,0,0,0,
2025-09-22 21:26:21,0.0,0.0,0,0,0.0,0,smoke,32.5,17.6,332.0,23.5,11.1,31.0,21,22,9,0,0,2025-10-14 01:51:35,Karachi,0,0,0,0,0,0,0,
2025-09-22 20:26:21,0.0,0.0,0,0,0.0,0,smoke,33.4,17.8,351.0,23.3,11.9,32.0,20,22,9,0,0,2025-10-14 01:51:35,Karachi,0,0,0,0,0,0,0,
2025-09-22 19:26:21,0.0,0.0,0,0,0.0,0,smoke,35.0,17.6,338.0,19.2,12.4,39.0,19,22,9,0,0,2025-10-14 01:51:35,Karachi,0,0,0,0,0,0,0,
2025-09-22 18:26:21,0.0,0.0,0,0,0.0,0,smoke,43.7,18.0,304.0,13.0,12.8,50.0,18,22,9,0,0,2025-10-14 01:51:35,Karachi,0,0,0,0,0,0,0,
2025-09-22 17:26:21,0.0,0.0,0,0,0.0,0,smoke,52.2,19.6,272.0,8.4,13.1,58.0,17,22,9,0,0,2025-10-14 01:51:35,Karachi,0,0,0,0,0,0,0,
2025-09-22 16:26:21,0.0,0.0,0,0,0.0,0,smoke,57.5,21.9,246.0,6.2,13.0,63.0,16,22,9,0,0,2025-10-14 01:51:35,Karachi,0,0,0,0,0,0,0,
2025-09-22 15:26:21,0.0,0.0,0,0,0.0,0,smoke,61.0,22.8,220.0,5.0,13.1,69.0,15,22,9,0,0,2025-10-14 01:51:35,Karachi,0,0,0,0,0,0,0,
2025-09-22 14:26:21,0.0,0.0,0,0,0.0,0,smoke,62.4,23.0,201.0,4.4,13.2,72.0,14,22,9,0,0,2025-10-14 01:51:35,Karachi,0,0,0,0,0,0,0,
2025-09-22 13:26:21,0.0,0.0,0,0,0.0,0,smoke,64.5,23.3,187.0,4.2,13.6,72.0,13,22,9,0,0,2025-10-14 01:51:35,Karachi,0,0,0,0,0,0,0,
2025-09-22 12:26:21,0.0,0.0,0,0,0.0,0,scattered clouds,65.0,23.2,179.0,4.7,14.1,69.0,12,22,9,0,0,2025-10-14 01:51:35,Karachi,0,0,0,0,0,0,0,
2025-09-22 11:26:21,0.0,0.0,0,0,0.0,0,scattered clouds,65.4,23.1,189.0,6.0,14.2,65.0,11,22,9,0,0,2025-10-14 01:51:35,Karachi,0,0,0,0,0,0,0,
2025-09-22 10:26:21,0.0,0.0,0,0,0.0,0,scattered clouds,62.6,22.1,240.0,8.9,13.6,57.0,10,22,9,0,0,2025-10-14 01:51:35,Karachi,0,0,0,0,0,0,0,
2025-09-22 09:26:46,0.0,0.0,0,0,0.0,0,broken clouds,57.4,21.0,310.0,12.5,12.5,48.0,9,22,9,0,0,2025-10-14 01:51:35,Karachi,0,0,0,0,0,0,0,
2025-09-22 08:26:46,0.0,0.0,0,0,0.0,0,broken clouds,49.2,20.5,341.0,14.4,11.4,41.0,8,22,9,0,0,2025-10-14 01:51:35,Karachi,0,0,0,0,0,0,0,
2025-09-22 07:26:46,0.0,0.0,0,0,0.0,0,broken clouds,47.5,19.6,294.0,13.1,10.1,40.0,7,22,9,0,0,2025-10-14 01:51:35,Karachi,0,0,0,0,0,0,0,
2025-09-22 06:26:46,0.0,0.0,0,0,0.0,0,overcast clouds,45.2,18.0,209.0,10.1,8.8,42.0,6,22,9,0,0,2025-10-14 01:51:35,Karachi,0,0,0,0,0,0,0,
2025-09-22 05:26:46,0.0,0.0,0,0,0.0,0,overcast clouds,43.5,17.6,146.0,7.8,7.8,44.0,5,22,9,0,0,2025-10-14 01:51:35,Karachi,0,0,0,0,0,0,0,
2025-09-22 04:26:46,0.0,0.0,0,0,0.0,0,overcast clouds,43.0,17.9,129.0,10.0,7.7,42.0,4,22,9,0,0,2025-10-14 01:51:35,Karachi,0,0,0,0,0,0,0,
2025-09-22 03:26:46,0.0,0.0,0,0,0.0,0,broken clouds,44.5,18.6,135.0,11.8,7.7,40.0,3,22,9,0,0,2025-10-14 01:51:35,Karachi,0,0,0,0,0,0,0,
2025-09-22 02:26:46,0.0,0.0,0,0,0.0,0,smoke,46.4,19.6,155.0,14.8,8.2,38.0,2,22,9,0,0,2025-10-14 01:51:35,Karachi,0,0,0,0,0,0,0,
2025-09-22 01:26:46,0.0,0.0,0,0,0.0,0,smoke,49.0,21.2,192.0,19.8,9.2,33.0,1,22,9,0,0,2025-10-14 01:51:35,Karachi,0,0,0,0,0,0,0,
2025-09-22 00:26:46,0.0,0.0,0,0,0.0,0,smoke,52.2,23.2,244.0,26.0,10.7,27.0,0,22,9,0,0,2025-10-14 01:51:35,Karachi,0,0,0,0,0,0,0,
2025-09-21 23:26:46,0.0,0.0,0,0,0.0,0,smoke,54.2,24.5,291.0,30.6,11.9,23.0,23,21,9,6,1,2025-10-14 01:51:35,Karachi,0,0,0,0,0,0,0,
2025-09-21 22:26:46,0.0,0.0,0,0,0.0,0,smoke,55.8,24.9,335.0,33.1,12.8,20.0,22,21,9,6,1,2025-10-14 01:51:35,Karachi,0,0,0,0,0,0,0,
2025-09-21 21:26:46,0.0,0.0,0,0,0.0,0,smoke,56.8,24.8,375.0,34.1,13.5,19.0,21,21,9,6,1,2025-10-14 01:51:35,Karachi,0,0,0,0,0,0,0,
2025-09-21 20:26:46,0.0,0.0,0,0,0.0,0,smoke,57.7,24.5,389.0,32.2,13.9,22.0,20,21,9,6,1,2025-10-14 01:51:35,Karachi,0,0,0,0,0,0,0,
2025-09-21 19:26:46,0.0,0.0,0,0,0.0,0,smoke,58.9,23.1,360.0,25.3,13.9,32.0,19,21,9,6,1,2025-10-14 01:51:35,Karachi,0,0,0,0,0,0,0,
2025-09-21 18:26:46,0.0,0.0,0,0,0.0,0,smoke,68.7,21.4,306.0,15.6,13.6,46.0,18,21,9,6,1,2025-10-14 01:51:35,Karachi,0,0,0,0,0,0,0,
2025-09-21 17:26:46,0.0,0.0,0,0,0.0,0,smoke,73.6,21.8,259.0,8.5,13.3,56.0,17,21,9,6,1,2025-10-14 01:51:35,Karachi,0,0,0,0,0,0,0,
2025-09-21 16:26:46,0.0,0.0,0,0,0.0,0,smoke,78.2,23.5,231.0,6.1,12.8,59.0,16,21,9,6,1,2025-10-14 01:51:35,Karachi,0,0,0,0,0,0,0,
2025-09-21 15:26:46,0.0,0.0,0,0,0.0,0,smoke,78.0,23.5,211.0,5.7,13.2,61.0,15,21,9,6,1,2025-10-14 01:51:35,Karachi,0,0,0,0,0,0,0,
2025-09-21 14:26:46,0.0,0.0,0,0,0.0,0,broken clouds,81.3,24.6,197.0,5.7,13.7,63.0,14,21,9,6,1,2025-10-14 01:51:35,Karachi,0,0,0,0,0,0,0,
2025-09-21 13:26:46,0.0,0.0,0,0,0.0,0,broken clouds,88.7,26.3,185.0,5.4,14.7,65.0,13,21,9,6,1,2025-10-14 01:51:35,Karachi,0,0,0,0,0,0,0,
2025-09-21 12:26:46,0.0,0.0,0,0,0.0,0,broken clouds,89.6,26.2,180.0,5.4,16.0,66.0,12,21,9,6,1,2025-10-14 01:51:35,Karachi,0,0,0,0,0,0,0,
2025-09-21 11:26:46,0.0,0.0,0,0,0.0,0,broken clouds,91.7,26.5,196.0,6.4,16.5,64.0,11,21,9,6,1,2025-10-14 01:51:35,Karachi,0,0,0,0,0,0,0,
2025-09-21 10:26:46,0.0,0.0,0,0,0.0,0,broken clouds,90.1,25.7,262.0,9.3,15.8,56.0,10,21,9,6,1,2025-10-14 01:51:35,Karachi,0,0,0,0,0,0,0,
2025-10-14 10:50:45,0.0,0.0,0,10,14.0,10,0,0.0,0.0,0.0,0.0,0.0,0.0,1,0,0,0,0,0,0,0,0,0,0,0,0,0,
