datetime,temp_C,feels_like_C,humidity_%,pressure_hPa,wind_speed_m/s,clouds_%,weather
2025-10-11 09:22:01,33.07,31.69,27,1012,4.12,3,haze
2025-10-11 08:22:01,33.07,31.69,27,1012,4.12,2,haze
2025-10-11 07:22:01,32.07,31.02,31,1013,3.09,0,haze
2025-10-11 06:22:01,32.07,31.56,35,1014,2.06,0,haze
2025-10-11 05:22:01,30.07,30.84,48,1014,1.54,0,haze
2025-10-11 04:22:01,28.07,29.67,61,1014,0.0,0,smoke
2025-10-11 03:22:01,26.07,26.07,73,1014,1.54,0,smoke
2025-10-11 02:22:01,22.07,22.63,88,1013,1.54,0,mist
2025-10-11 01:22:01,22.07,22.63,88,1012,2.06,0,smoke
2025-10-11 00:22:01,22.07,22.63,88,1012,1.54,0,smoke
2025-10-10 23:22:01,23.07,23.47,78,1011,2.06,0,clear sky
2025-10-10 22:22:01,24.07,24.44,73,1011,1.03,0,clear sky
2025-10-10 21:22:01,25.07,25.43,69,1011,2.06,0,clear sky
2025-10-10 20:22:01,25.07,25.43,69,1012,2.06,0,clear sky
2025-10-10 19:22:01,25.07,25.43,69,1012,1.54,0,clear sky
2025-10-10 18:22:01,25.07,25.43,69,1012,2.57,0,clear sky
2025-10-10 17:22:01,25.07,25.33,65,1012,2.06,0,clear sky
2025-10-10 16:22:01,27.07,27.95,57,1012,2.57,0,clear sky
2025-10-10 15:22:01,27.07,27.95,57,1012,2.06,0,clear sky
2025-10-10 14:22:01,27.07,27.74,54,1011,2.57,0,clear sky
2025-10-10 13:22:01,29.07,28.59,39,1011,3.09,0,clear sky
2025-10-10 12:22:01,31.07,29.81,30,1011,4.63,0,clear sky
2025-10-10 11:22:01,32.07,30.78,29,1011,4.12,0,clear sky
2025-10-10 10:22:01,33.07,30.71,14,1011,4.63,20,haze
2025-10-10 09:22:14,34.07,32.24,22,1011,4.12,20,haze
2025-10-10 08:22:14,33.07,31.46,25,1012,5.14,0,haze
2025-10-10 07:22:14,33.07,31.69,27,1013,4.63,0,haze
2025-10-10 06:22:14,32.07,31.27,33,1014,3.6,0,haze
2025-10-10 05:22:14,31.07,30.34,35,1014,3.6,0,haze
2025-10-10 04:22:14,29.07,31.31,61,1014,2.57,0,haze
2025-10-10 03:22:14,26.07,26.07,83,1014,1.54,0,smoke
2025-10-10 02:22:14,23.07,23.73,88,1013,2.06,0,smoke
2025-10-10 01:22:14,23.07,23.6,83,1013,1.03,0,haze
2025-10-10 00:22:14,23.07,23.6,83,1012,2.06,0,haze
2025-10-09 23:22:14,24.07,24.57,78,1012,2.06,0,haze
2025-10-09 22:22:14,26.07,26.07,69,1012,2.06,0,haze
2025-10-09 21:22:14,26.07,26.07,73,1012,2.06,0,haze
2025-10-09 20:22:14,26.07,26.07,73,1013,2.06,0,haze
2025-10-09 19:22:14,26.07,26.07,73,1013,2.06,0,haze
2025-10-09 18:22:14,26.07,26.07,69,1014,3.09,0,haze
2025-10-09 17:22:14,25.07,25.43,69,1014,2.57,0,haze
2025-10-09 16:22:14,26.07,26.07,65,1014,2.57,0,haze
2025-10-09 15:22:14,27.07,28.25,61,1014,3.09,0,haze
2025-10-09 14:22:14,27.07,27.74,54,1013,2.06,0,haze
2025-10-09 13:22:14,28.07,27.87,42,1013,3.09,0,haze
2025-10-09 12:22:14,30.07,30.01,42,1012,5.14,0,haze
2025-10-09 11:22:14,31.07,30.34,35,1012,5.14,0,haze
2025-10-09 10:22:14,33.07,31.69,27,1012,4.63,0,haze
2025-10-09 09:22:27,34.07,32.24,22,1012,6.17,0,haze
2025-10-09 08:22:27,34.07,32.24,22,1013,2.57,0,haze
2025-10-09 07:22:27,34.07,32.47,24,1014,3.09,0,haze
2025-10-09 06:22:27,32.07,30.78,29,1015,2.06,0,haze
2025-10-09 05:22:27,30.07,29.66,39,1015,2.06,0,smoke
2025-10-09 04:22:27,28.07,29.22,57,1015,2.57,0,smoke
2025-10-09 03:22:27,26.07,26.07,69,1015,2.57,0,smoke
2025-10-09 02:22:27,22.07,22.63,88,1014,2.06,0,smoke
2025-10-09 01:22:27,22.07,22.63,88,1014,0.0,0,smoke
2025-10-09 00:22:27,22.07,22.5,83,1013,2.57,0,smoke
2025-10-08 23:22:27,22.07,22.5,83,1013,2.06,0,smoke
2025-10-08 22:22:27,23.07,23.21,68,1013,2.57,0,smoke
2025-10-08 21:22:27,26.07,26.07,61,1013,2.06,0,smoke
2025-10-08 20:22:27,25.07,25.33,65,1013,2.57,0,smoke
2025-10-08 19:22:27,25.07,25.33,65,1013,1.54,0,smoke
2025-10-08 18:22:27,25.07,25.23,61,1013,3.09,0,haze
2025-10-08 17:22:27,25.07,25.23,61,1013,1.54,0,haze
2025-10-08 16:22:27,26.07,26.07,57,1013,2.06,0,haze
2025-10-08 15:22:27,26.07,26.07,61,1012,2.06,0,haze
2025-10-08 14:22:27,27.07,27.48,50,1012,1.54,0,haze
2025-10-08 13:22:27,29.07,28.87,42,1011,2.57,0,haze
2025-10-08 12:22:27,30.07,29.24,35,1011,3.6,0,haze
2025-10-08 11:22:27,32.07,31.27,33,1011,4.12,0,haze
2025-10-08 10:22:27,32.07,30.78,29,1011,4.12,0,haze
2025-10-08 09:22:38,32.07,31.02,31,1011,3.6,0,haze
2025-10-08 08:22:38,33.07,31.17,22,1012,3.6,0,haze
2025-10-08 07:22:38,33.07,31.46,25,1013,0.0,0,haze
2025-10-08 06:22:38,30.07,29.24,35,1014,0.0,0,haze
2025-10-08 05:22:38,30.07,31.83,54,1014,2.06,0,haze
2025-10-08 04:22:38,28.07,29.67,61,1014,2.06,0,haze
2025-10-08 03:22:38,26.07,26.07,73,1013,1.54,0,smoke
2025-10-08 02:22:38,22.07,22.63,88,1013,1.54,0,smoke
2025-10-08 01:22:38,21.07,21.4,83,1012,1.54,0,smoke
2025-10-08 00:22:38,21.07,21.4,83,1011,2.06,0,smoke
2025-10-07 23:22:38,22.07,22.11,68,1011,2.06,0,smoke
2025-10-07 22:22:38,22.07,22.11,68,1011,2.57,0,smoke
2025-10-07 21:22:38,22.07,22.11,68,1011,2.57,0,smoke
2025-10-07 20:22:38,25.07,25.54,73,1011,3.09,0,smoke
2025-10-07 19:22:38,25.07,25.43,69,1012,2.57,0,haze
2025-10-07 18:22:38,25.07,25.23,61,1012,2.57,0,haze
2025-10-07 17:22:38,25.07,25.02,53,1011,3.09,0,haze
2025-10-07 16:22:38,25.07,24.86,47,1011,3.09,0,haze
2025-10-07 15:22:38,27.07,26.63,34,1011,2.06,0,haze
2025-10-07 14:22:38,27.07,26.63,34,1010,3.6,0,haze
2025-10-07 13:22:38,29.07,27.72,26,1010,3.09,0,haze
2025-10-07 12:22:38,31.07,29.23,22,1009,4.63,0,haze
2025-10-07 11:22:38,32.07,30.57,27,1009,5.14,0,haze
2025-10-07 10:22:38,32.07,30.16,22,1009,4.63,0,haze
2025-10-07 09:22:50,33.07,31.08,21,1009,2.57,0,haze
2025-10-07 08:22:50,30.1,30.73,47,1010,5.47,0,clear sky
2025-10-07 07:22:50,29.78,30.3,47,1011,4.78,0,clear sky
2025-10-07 06:22:50,29.25,29.99,50,1011,4.43,0,clear sky
2025-10-07 05:22:50,28.6,29.73,55,1011,4.55,0,clear sky
2025-10-07 04:22:50,27.85,29.23,60,1011,5.29,0,clear sky
2025-10-07 03:22:50,26.88,28.5,68,1010,5.77,0,clear sky
2025-10-07 02:22:50,26.07,26.07,73,1009,6.09,0,clear sky
2025-10-07 01:22:50,26.05,26.05,76,1008,7.1,0,clear sky
2025-10-07 00:22:50,26.09,26.09,77,1008,8.24,0,clear sky
2025-10-06 23:22:50,25.99,25.99,78,1008,5.14,0,clear sky
2025-10-06 22:22:50,26.24,26.24,74,1008,4.12,20,few clouds
2025-10-06 21:22:50,26.24,26.24,74,1008,4.12,20,few clouds
2025-10-06 20:22:50,26.24,26.24,74,1008,4.63,40,smoke
2025-10-06 19:22:50,26.77,28.77,74,1009,4.63,40,smoke
2025-10-06 18:22:50,26.77,28.77,74,1009,3.6,40,smoke
2025-10-06 17:22:50,26.73,29.15,80,1009,10.25,0,clear sky
2025-10-06 16:22:50,27.48,29.59,69,1009,6.17,20,smoke
2025-10-06 15:22:50,27.48,29.59,69,1009,5.14,0,smoke
2025-10-06 14:22:50,27.48,30.13,74,1009,5.14,0,smoke
2025-10-06 13:22:50,29.19,32.21,65,1007,8.23,0,haze
2025-10-06 12:22:50,30.05,32.53,58,1007,9.26,20,haze
2025-10-06 11:22:50,30.87,33.42,55,1007,8.75,20,haze
2025-10-06 10:22:50,32.47,34.02,45,1007,9.26,20,haze
2025-10-06 09:23:03,32.62,32.28,35,1007,7.2,20,haze
2025-10-06 08:23:03,32.77,31.86,31,1007,6.17,20,haze
2025-10-06 07:23:03,31.52,30.87,35,1009,6.17,20,haze
2025-10-06 06:23:03,31.37,32.25,45,1009,3.09,20,haze
2025-10-06 05:23:03,31.21,33.18,51,1009,7.72,20,haze
2025-10-06 04:23:03,27.64,32.04,86,1008,9.42,0,clear sky
2025-10-06 03:23:03,27.64,32.04,86,1008,9.42,0,clear sky
2025-10-06 02:23:03,27.69,31.07,78,1008,7.2,40,smoke
2025-10-06 01:23:03,27.02,29.6,78,1007,5.66,75,smoke
2025-10-06 00:23:03,27.02,29.6,78,1007,6.69,75,smoke
2025-10-05 23:23:03,26.9,29.79,83,1007,5.66,75,smoke
2025-10-05 22:23:03,27.18,30.46,83,1007,5.14,75,smoke
2025-10-05 21:23:03,27.3,30.2,78,1007,5.66,75,smoke
2025-10-05 20:23:03,27.3,30.2,78,1007,5.66,75,smoke
2025-10-05 19:23:03,27.67,31.03,78,1008,5.66,75,smoke
2025-10-05 18:23:03,27.67,31.03,78,1008,6.69,75,smoke
2025-10-05 17:23:03,27.67,31.03,78,1008,7.2,75,smoke
2025-10-05 16:23:03,28.15,32.16,78,1008,7.72,75,broken clouds
2025-10-05 15:23:03,28.15,32.16,78,1008,5.66,75,broken clouds
2025-10-05 14:23:03,28.15,32.16,78,1008,5.14,75,broken clouds
2025-10-05 13:23:03,29.95,35.91,74,1007,5.66,75,broken clouds
2025-10-05 12:23:03,30.1,35.28,70,1007,7.72,75,broken clouds
2025-10-05 11:23:03,30.25,33.75,62,1007,6.17,75,broken clouds
2025-10-05 10:23:03,31.66,38.1,66,1007,5.14,75,broken clouds
2025-10-05 09:23:14,31.66,36.87,62,1007,7.72,75,broken clouds
2025-10-05 08:23:14,31.81,37.23,62,1007,9.26,40,haze
2025-10-05 07:23:14,31.26,34.89,58,1009,6.69,40,haze
2025-10-05 06:23:14,31.26,34.89,58,1009,6.69,40,haze
2025-10-05 05:23:14,31.11,37.9,70,1009,6.69,75,smoke
2025-10-05 04:23:14,27.86,32.66,86,1009,5.15,43,scattered clouds
2025-10-05 03:23:14,28.01,31.97,79,1009,3.6,40,smoke
2025-10-05 02:23:14,27.77,32.87,89,1009,2.06,40,smoke
2025-10-05 01:23:14,27.16,31.08,89,1008,2.06,40,smoke
2025-10-05 00:23:14,27.16,31.08,89,1008,2.06,40,smoke
2025-10-04 23:23:14,27.16,31.08,89,1008,3.09,40,smoke
2025-10-04 22:23:14,27.44,31.89,89,1008,3.09,40,smoke
2025-10-04 21:23:14,27.44,31.89,89,1008,2.57,40,smoke
2025-10-04 20:23:14,27.44,31.89,89,1008,4.12,40,smoke
2025-10-04 19:23:14,27.82,33.02,89,1009,3.09,40,smoke
2025-10-04 18:23:14,27.94,32.41,83,1009,3.09,40,smoke
2025-10-04 17:23:14,27.94,32.41,83,1009,3.09,40,smoke
2025-10-04 16:23:14,28.72,34.58,83,1009,3.6,40,smoke
2025-10-04 15:23:14,28.72,34.58,83,1009,3.09,40,smoke
2025-10-04 14:23:14,28.72,34.58,83,1009,3.6,40,smoke
2025-10-04 13:23:14,30.42,37.19,74,1007,4.12,75,smoke
2025-10-04 12:23:14,30.85,33.39,55,1007,4.63,40,haze
2025-10-04 11:23:14,31.06,32.92,51,1007,5.14,40,haze
2025-10-04 10:23:14,33.54,36.21,46,1007,3.6,75,haze
2025-10-04 09:23:25,33.39,37.4,51,1007,3.6,75,haze
2025-10-04 08:23:25,33.39,38.71,55,1007,4.63,75,smoke
2025-10-04 07:23:25,31.42,35.22,58,1010,4.12,75,smoke
2025-10-04 06:23:25,31.27,35.96,62,1010,4.12,75,smoke
2025-10-04 05:23:25,31.11,37.9,70,1010,4.63,75,smoke
2025-10-04 04:23:25,27.57,30.8,78,1009,3.6,75,smoke
2025-10-04 03:23:25,27.57,30.8,78,1009,3.09,75,smoke
2025-10-04 02:23:25,27.5,31.79,87,1009,7.19,100,overcast clouds
2025-10-04 01:23:25,26.69,29.3,83,1008,1.54,75,smoke
2025-10-04 00:23:25,26.69,29.3,83,1008,3.09,40,smoke
2025-10-03 23:23:25,26.69,28.92,78,1008,3.09,75,smoke
2025-10-03 22:23:25,25.9,26.92,91,1007,8.36,100,moderate rain
2025-10-03 21:23:25,25.9,26.92,91,1007,8.36,100,moderate rain
2025-10-03 20:23:25,25.9,26.92,91,1007,8.36,100,moderate rain
2025-10-03 19:23:25,27.61,30.4,74,1009,3.09,75,smoke
2025-10-03 18:23:25,27.61,30.4,74,1009,4.12,40,smoke
2025-10-03 17:23:25,27.61,31.54,83,1009,3.6,40,smoke
2025-10-03 16:23:25,28.17,31.58,74,1009,3.6,40,smoke
2025-10-03 15:23:25,28.17,31.58,74,1009,3.6,75,smoke
2025-10-03 14:23:25,28.17,31.58,74,1009,3.09,75,smoke
2025-10-03 13:23:25,28.57,31.81,70,1007,4.63,75,broken clouds
2025-10-03 12:23:25,29.28,32.57,66,1007,3.09,75,broken clouds
2025-10-03 11:23:25,29.28,32.57,66,1007,4.63,75,broken clouds
2025-10-03 10:23:25,30.99,34.34,58,1006,6.17,75,light rain
2025-10-03 09:23:37,30.99,35.33,62,1006,7.2,75,light rain
2025-10-03 08:23:37,31.2,34.77,58,1006,9.26,75,smoke
2025-10-03 07:23:37,30.82,34.0,58,1008,7.2,75,smoke
2025-10-03 06:23:37,29.95,33.99,66,1008,6.17,75,smoke
2025-10-03 05:23:37,29.73,34.39,70,1008,7.2,75,smoke
2025-10-03 04:23:37,28.45,32.21,74,1007,6.69,75,smoke
2025-10-03 03:23:37,28.33,32.6,78,1007,4.63,75,smoke
2025-10-03 02:23:37,28.21,33.14,83,1007,3.09,75,smoke
2025-10-03 01:23:37,27.58,31.47,83,1006,3.09,75,smoke
2025-10-03 00:23:37,27.58,30.82,78,1006,4.12,75,smoke
2025-10-02 23:23:37,27.58,30.82,78,1006,4.12,40,smoke
2025-10-02 22:23:37,27.75,31.21,78,1006,3.6,40,smoke
2025-10-02 21:23:37,27.75,31.21,78,1006,4.12,40,smoke
2025-10-02 20:23:37,27.75,31.21,78,1006,3.6,75,smoke
2025-10-02 19:23:37,28.34,31.96,74,1006,4.12,75,smoke
2025-10-02 18:23:37,28.34,31.96,74,1006,4.12,75,smoke
2025-10-02 17:23:37,28.49,31.65,70,1006,3.09,40,scattered clouds
2025-10-02 16:23:37,30.06,36.2,74,1005,2.06,40,scattered clouds
2025-10-02 15:23:37,31.01,37.63,70,1005,6.17,40,scattered clouds
2025-10-02 14:23:37,31.22,34.08,55,1005,4.63,40,scattered clouds
2025-10-02 13:23:37,33.85,39.81,55,1003,3.09,75,broken clouds
2025-10-02 12:23:37,34.0,40.18,55,1003,8.23,75,broken clouds
2025-10-02 11:23:37,34.16,38.4,49,1003,5.14,40,scattered clouds
2025-10-02 10:23:37,35.08,39.35,46,1002,6.17,40,scattered clouds
2025-10-02 09:23:48,35.08,39.35,46,1002,6.69,40,scattered clouds
2025-10-02 08:23:48,34.93,40.13,49,1002,8.23,40,scattered clouds
2025-10-02 07:23:48,32.76,35.54,49,1005,8.23,75,broken clouds
2025-10-02 06:23:48,32.76,36.37,52,1005,7.72,40,scattered clouds
2025-10-02 05:23:48,32.61,37.88,58,1005,7.2,20,few clouds
2025-10-02 04:23:48,28.78,34.14,80,1005,5.47,5,clear sky
2025-10-02 03:23:48,28.81,33.04,74,1005,3.09,5,clear sky
2025-10-02 02:23:48,28.69,33.5,78,1005,5.14,5,clear sky
2025-10-02 01:23:48,28.21,33.14,83,1003,4.12,3,mist
2025-10-02 00:23:48,28.21,33.14,83,1003,3.09,3,mist
2025-10-01 23:23:48,28.21,33.14,83,1003,2.06,3,mist
2025-10-01 22:23:48,29.15,35.16,80,1003,2.65,0,clear sky
2025-10-01 21:23:48,29.15,35.16,80,1003,2.65,0,clear sky
2025-10-01 20:23:48,29.02,34.37,78,1003,1.54,40,scattered clouds
2025-10-01 19:23:48,30.25,37.25,78,1002,4.12,0,clear sky
2025-10-01 18:23:48,30.25,37.25,78,1002,4.12,0,clear sky
2025-10-01 17:23:48,30.25,37.25,78,1002,4.12,0,clear sky
2025-10-01 16:23:48,30.85,37.85,74,1001,2.06,20,few clouds
2025-10-01 15:23:48,30.85,37.2,70,1001,4.12,20,few clouds
2025-10-01 14:23:48,31.63,38.02,66,1001,3.09,40,scattered clouds
2025-10-01 13:23:48,33.38,39.75,58,999,5.14,40,scattered clouds
2025-10-01 12:23:48,34.12,39.01,51,999,6.17,40,scattered clouds
2025-10-01 11:23:48,34.27,38.64,49,999,5.14,40,scattered clouds
2025-10-01 10:23:48,35.16,40.66,49,1000,6.69,40,scattered clouds
2025-10-01 09:23:59,35.16,40.66,49,1000,6.69,40,scattered clouds
2025-10-01 08:23:59,35.16,41.88,52,1000,6.17,40,scattered clouds
2025-10-01 07:23:59,32.93,37.65,55,1002,4.12,40,scattered clouds
2025-10-01 06:23:59,32.93,38.64,58,1002,5.14,40,scattered clouds
2025-10-01 05:23:59,32.78,39.67,62,1002,5.14,40,scattered clouds
2025-10-01 04:23:59,29.33,34.3,74,1002,4.12,40,smoke
2025-10-01 03:23:59,29.21,34.88,78,1002,4.12,98,smoke
2025-10-01 02:23:59,29.37,35.31,78,1002,4.79,98,overcast clouds
2025-10-01 01:23:59,28.68,34.47,83,1000,5.53,100,overcast clouds
2025-10-01 00:23:59,28.68,34.47,83,1000,5.53,100,overcast clouds
2025-09-30 23:23:59,28.68,34.47,83,1000,5.53,100,overcast clouds
2025-09-30 22:23:59,29.35,36.22,82,1000,0.31,0,clear sky
2025-09-30 21:23:59,29.35,36.22,82,1000,0.31,0,clear sky
2025-09-30 20:23:59,29.35,36.22,82,1000,0.31,0,clear sky
2025-09-30 19:23:59,30.15,37.15,81,1001,1.36,0,clear sky
2025-09-30 18:23:59,30.15,37.15,81,1001,1.36,0,clear sky
2025-09-30 17:23:59,30.15,37.15,81,1001,1.36,0,clear sky
2025-09-30 16:23:59,31.51,38.51,80,1001,5.09,100,overcast clouds
2025-09-30 15:23:59,31.51,38.51,80,1001,5.09,100,overcast clouds
2025-09-30 14:23:59,31.51,38.51,80,1001,5.09,100,overcast clouds
2025-09-30 13:23:59,32.67,39.67,77,999,6.11,99,overcast clouds
2025-09-30 12:23:59,32.67,39.67,77,999,6.11,99,overcast clouds
2025-09-30 11:23:59,33.39,40.39,62,999,12.35,100,thunderstorm with rain
2025-09-30 10:23:59,36.33,41.36,44,998,5.14,40,scattered clouds
2025-09-30 09:24:10,36.49,39.77,39,998,7.2,40,scattered clouds
2025-09-30 08:24:10,36.33,40.18,41,998,5.66,20,few clouds
2025-09-30 07:24:10,35.11,37.73,41,1001,6.17,40,haze
2025-09-30 06:24:10,34.95,38.06,43,1001,2.06,40,haze
2025-09-30 05:24:10,34.8,37.76,43,1001,2.57,40,smoke
2025-09-30 04:24:10,31.36,32.81,48,1001,2.57,40,smoke
2025-09-30 03:24:10,31.05,35.47,62,1001,1.03,40,smoke
2025-09-30 02:24:10,30.12,37.12,78,1001,2.06,40,smoke
2025-09-30 01:24:10,29.12,35.77,83,1000,2.06,40,smoke
2025-09-30 00:24:10,29.12,35.77,83,1000,0.0,40,smoke
2025-09-29 23:24:10,29.12,35.77,83,1000,2.06,40,smoke
2025-09-29 22:24:10,29.32,36.32,83,999,2.06,40,smoke
2025-09-29 21:24:10,29.96,36.96,79,999,1.03,40,smoke
2025-09-29 20:24:10,29.96,36.96,79,999,2.06,40,smoke
2025-09-29 19:24:10,30.72,33.8,58,1001,2.06,40,haze
2025-09-29 18:24:10,30.93,31.6,45,1001,2.06,40,haze
2025-09-29 17:24:10,30.93,30.42,37,1001,2.06,40,haze
2025-09-29 16:24:10,33.0,32.15,31,1001,2.06,40,haze
2025-09-29 15:24:10,33.16,32.06,29,1001,1.54,40,haze
2025-09-29 14:24:10,33.31,32.1,28,1001,2.57,40,haze
2025-09-29 13:24:10,36.39,36.26,28,1000,2.57,75,haze
2025-09-29 12:24:10,36.7,36.24,26,1000,4.63,75,haze
2025-09-29 11:24:10,36.85,35.79,23,1000,5.14,75,haze
2025-09-29 10:24:10,38.02,37.93,25,1000,4.63,75,haze
2025-09-29 09:24:21,38.02,37.93,25,1000,5.66,75,haze
2025-09-29 08:24:21,38.02,38.52,27,1000,5.66,75,haze
2025-09-29 07:24:21,36.87,36.99,28,1004,5.66,75,haze
2025-09-29 06:24:21,36.72,37.3,30,1004,2.06,100,haze
2025-09-29 05:24:21,36.41,38.58,36,1004,2.06,40,haze
2025-09-29 04:24:21,30.37,37.37,91,1004,7.3,100,overcast clouds
2025-09-29 03:24:21,28.26,33.28,83,1004,2.06,40,smoke
2025-09-29 02:24:21,28.26,33.28,83,1004,1.54,40,smoke
2025-09-29 01:24:21,26.77,30.0,89,1003,1.54,100,smoke
2025-09-29 00:24:21,26.77,29.48,83,1003,2.57,100,smoke
2025-09-28 23:24:21,26.77,29.48,83,1003,3.6,100,smoke
2025-09-28 22:24:21,27.16,29.89,78,1003,3.09,100,smoke
2025-09-28 21:24:21,27.16,29.89,78,1003,4.12,100,smoke
2025-09-28 20:24:21,27.16,29.89,78,1003,3.09,100,smoke
2025-09-28 19:24:21,27.37,30.93,83,1004,4.63,100,smoke
2025-09-28 18:24:21,27.37,30.93,83,1004,1.54,100,smoke
2025-09-28 17:24:21,27.94,31.8,79,1004,5.14,100,smoke
2025-09-28 16:24:21,28.23,32.51,79,1004,3.09,100,haze
2025-09-28 15:24:21,28.23,31.71,74,1004,2.57,100,haze
2025-09-28 14:24:21,28.39,30.85,66,1004,3.09,100,haze
2025-09-28 13:24:21,30.92,34.2,58,1004,3.09,40,scattered clouds
2025-09-28 12:24:21,31.35,33.64,52,1004,3.09,40,scattered clouds
2025-09-28 11:24:21,31.78,32.14,41,1004,4.12,40,scattered clouds
2025-09-28 10:24:21,35.8,38.41,39,1005,3.09,40,scattered clouds
2025-09-28 09:24:33,35.8,40.18,44,1005,2.57,100,overcast clouds
2025-09-28 08:24:33,34.53,38.19,46,1005,2.57,100,overcast clouds
2025-09-28 07:24:33,32.18,39.18,86,1008,7.84,100,overcast clouds
2025-09-28 06:24:33,32.32,38.49,62,1008,2.57,40,smoke
2025-09-28 05:24:33,31.47,37.61,66,1008,2.06,40,smoke
2025-09-28 04:24:33,27.15,30.5,84,1009,6.56,95,overcast clouds
2025-09-28 03:24:33,27.15,30.5,84,1009,6.56,95,overcast clouds
2025-09-28 02:24:33,27.14,31.02,89,1009,2.57,95,smoke
2025-09-28 01:24:33,26.3,26.3,89,1007,3.09,93,smoke
2025-09-28 00:24:33,26.42,26.42,83,1007,4.12,20,smoke
2025-09-27 23:24:33,26.42,26.42,83,1007,2.57,20,smoke
2025-09-27 22:24:33,26.78,29.51,83,1008,3.6,9,smoke
2025-09-27 21:24:33,26.78,29.51,83,1008,3.09,9,smoke
2025-09-27 20:24:33,26.78,29.51,83,1008,3.09,9,smoke
2025-09-27 19:24:33,27.76,31.23,78,1009,4.12,5,smoke
2025-09-27 18:24:33,27.76,31.93,83,1009,3.09,5,smoke
2025-09-27 17:24:33,27.76,31.23,78,1009,2.57,5,smoke
2025-09-27 16:24:33,28.15,29.79,61,1008,3.6,78,haze
2025-09-27 15:24:33,28.15,29.79,61,1008,3.09,78,haze
2025-09-27 14:24:33,28.3,29.66,58,1008,3.6,78,haze
2025-09-27 13:24:33,30.92,33.52,55,1007,4.12,99,haze
2025-09-27 12:24:33,31.34,32.98,49,1007,3.09,99,overcast clouds
2025-09-27 11:24:33,32.0,39.0,81,1007,4.37,99,overcast clouds
2025-09-27 10:24:33,33.38,35.11,43,1008,4.12,31,scattered clouds
2025-09-27 09:24:43,33.38,35.11,43,1008,3.09,31,scattered clouds
2025-09-27 08:24:43,33.38,35.11,43,1008,2.06,31,scattered clouds
2025-09-27 07:24:43,31.31,38.31,81,1010,4.72,12,few clouds
2025-09-27 06:24:43,31.27,37.1,66,1010,3.6,12,few clouds
2025-09-27 05:24:43,31.27,37.1,66,1010,2.06,12,few clouds
2025-09-27 04:24:43,26.96,29.74,81,1010,4.54,11,few clouds
2025-09-27 03:24:43,27.09,29.74,78,1010,4.63,11,few clouds
2025-09-27 02:24:43,26.97,29.96,83,1010,2.06,11,smoke
2025-09-27 01:24:43,26.28,26.28,89,1008,1.54,20,smoke
2025-09-27 00:24:43,26.28,26.28,89,1008,2.06,20,smoke
2025-09-26 23:24:43,26.5,26.5,83,1008,2.57,20,few clouds
2025-09-26 22:24:43,26.47,26.47,83,1008,3.6,40,scattered clouds
2025-09-26 21:24:43,26.97,29.96,83,1008,2.57,40,scattered clouds
2025-09-26 20:24:43,26.95,29.91,83,1009,3.6,20,few clouds
2025-09-26 19:24:43,27.45,30.53,78,1008,2.57,20,few clouds
2025-09-26 18:24:43,27.32,30.81,83,1009,2.06,0,clear sky
2025-09-26 17:24:43,27.25,30.09,78,1008,2.06,0,clear sky
2025-09-26 16:24:43,27.91,31.58,78,1008,2.57,0,clear sky
2025-09-26 15:24:43,27.9,31.56,78,1007,2.57,20,few clouds
2025-09-26 14:24:43,27.83,30.85,74,1006,4.12,20,few clouds
2025-09-26 13:24:43,29.49,33.83,70,1006,4.12,20,few clouds
2025-09-26 12:24:43,29.75,32.75,62,1006,5.14,20,few clouds
2025-09-26 11:24:43,30.86,33.41,55,1006,4.12,20,haze
2025-09-26 10:24:43,31.04,33.74,55,1006,3.6,40,haze
2025-09-26 09:25:04,31.78,36.0,58,1006,2.57,40,haze
2025-09-26 08:25:04,31.47,35.33,58,1007,4.63,75,haze
2025-09-26 07:25:04,29.38,35.34,78,1008,3.32,37,scattered clouds
2025-09-26 06:25:04,29.57,32.4,62,1009,3.09,75,smoke
2025-09-26 05:25:04,29.57,33.18,66,1008,2.06,75,smoke
2025-09-26 04:25:04,27.44,31.49,86,1008,3.57,25,scattered clouds
2025-09-26 03:25:04,27.32,30.24,78,1008,2.06,40,smoke
2025-09-26 02:25:04,27.09,30.88,89,1007,1.54,40,smoke
2025-09-26 01:25:04,26.25,26.25,89,1007,2.06,40,smoke
2025-09-26 00:25:04,26.08,26.08,89,1006,3.09,40,smoke
2025-09-25 23:25:04,26.01,26.01,89,1006,3.09,40,scattered clouds
2025-09-25 22:25:04,26.05,26.05,89,1006,2.06,20,few clouds
2025-09-25 21:25:04,26.54,26.54,83,1006,2.06,20,few clouds
2025-09-25 20:25:04,26.59,26.59,83,1007,2.57,20,few clouds
2025-09-25 19:25:04,27.18,30.46,83,1007,1.54,20,few clouds
2025-09-25 18:25:04,26.97,30.55,89,1006,2.06,20,few clouds
2025-09-25 17:25:04,27.04,30.74,89,1006,2.06,20,few clouds
2025-09-25 16:25:04,28.1,32.03,78,1006,3.09,20,few clouds
2025-09-25 15:25:04,27.86,31.46,78,1005,2.57,20,few clouds
2025-09-25 14:25:04,27.76,30.71,74,1005,3.09,20,few clouds
2025-09-25 13:25:04,29.19,33.15,70,1005,5.14,20,few clouds
2025-09-25 12:25:04,29.49,32.25,62,1004,4.12,20,few clouds
2025-09-25 11:25:04,29.59,31.22,55,1004,4.63,40,scattered clouds
2025-09-25 10:25:04,29.83,32.9,62,1004,5.66,75,broken clouds
2025-09-25 09:25:31,30.82,34.96,62,1004,4.63,75,broken clouds
2025-09-25 08:25:31,30.88,35.09,62,1005,4.12,75,broken clouds
2025-09-25 07:25:31,29.27,35.5,80,1006,4.46,59,broken clouds
2025-09-25 06:25:31,29.4,33.62,70,1007,5.66,75,haze
2025-09-25 05:25:31,29.63,34.15,70,1006,4.12,75,haze
2025-09-25 04:25:31,27.93,32.7,85,1006,4.89,39,scattered clouds
2025-09-25 03:25:31,27.43,31.09,83,1006,3.09,20,smoke
2025-09-25 02:25:31,26.97,30.55,89,1005,1.03,40,smoke
2025-09-25 01:25:31,26.35,26.35,88,1004,2.57,40,smoke
2025-09-25 00:25:31,26.2,26.2,88,1004,2.06,40,smoke
2025-09-24 23:25:31,26.24,26.24,83,1004,2.06,40,smoke
2025-09-24 22:25:31,26.39,26.39,83,1004,2.06,40,smoke
2025-09-24 21:25:31,27.03,30.1,83,1004,3.6,40,smoke
2025-09-24 20:25:31,26.98,29.51,78,1005,3.6,40,smoke
2025-09-24 19:25:31,27.51,31.29,83,1005,4.12,75,smoke
2025-09-24 18:25:31,27.47,30.57,78,1005,4.12,75,smoke
2025-09-24 17:25:31,27.32,30.24,78,1005,4.63,75,smoke
2025-09-24 16:25:31,27.94,31.65,78,1004,3.09,75,smoke
2025-09-24 15:25:31,27.78,31.28,78,1004,4.63,40,smoke
2025-09-24 14:25:31,27.66,31.0,78,1004,5.14,40,smoke
2025-09-24 13:25:31,29.06,33.64,74,1004,5.66,75,smoke
2025-09-24 12:25:31,28.98,32.68,70,1003,5.14,75,broken clouds
2025-09-24 11:25:31,28.96,31.93,66,1003,6.69,75,broken clouds
2025-09-24 10:25:31,29.18,35.25,80,1004,6.2,74,broken clouds
2025-09-24 09:25:54,29.75,32.75,62,1004,7.72,75,smoke
2025-09-24 08:25:54,29.72,34.37,70,1005,4.63,75,smoke
2025-09-24 07:25:54,28.65,31.98,70,1006,5.66,75,smoke
2025-09-24 06:25:54,28.67,32.02,70,1006,5.14,75,smoke
2025-09-24 05:25:54,28.89,32.49,70,1006,4.63,75,smoke
2025-09-24 04:25:54,27.3,30.2,78,1006,5.14,75,smoke
2025-09-24 03:25:54,27.46,30.55,78,1006,3.6,75,smoke
2025-09-24 02:25:54,27.44,30.51,78,1005,5.14,75,smoke
2025-09-24 01:25:54,26.63,26.63,83,1005,3.6,75,smoke
2025-09-24 00:25:54,26.59,26.59,83,1005,4.12,75,smoke
2025-09-23 23:25:54,26.42,26.42,83,1005,3.09,75,smoke
2025-09-23 22:25:54,26.5,26.5,78,1005,5.66,40,smoke
2025-09-23 21:25:54,26.94,29.43,78,1006,5.14,40,smoke
2025-09-23 20:25:54,26.97,29.49,78,1006,4.12,40,smoke
2025-09-23 19:25:54,27.52,30.69,78,1007,5.14,75,broken clouds
2025-09-23 18:25:54,27.32,30.24,78,1007,5.14,40,smoke
2025-09-23 17:25:54,27.16,29.89,78,1007,4.63,40,smoke
2025-09-23 16:25:54,27.6,30.87,78,1007,4.63,40,smoke
2025-09-23 15:25:54,27.53,30.71,78,1006,4.63,40,smoke
2025-09-23 14:25:54,27.47,30.11,74,1006,5.14,40,smoke
2025-09-23 13:25:54,28.81,32.14,69,1005,5.14,75,smoke
2025-09-23 12:25:54,28.67,31.22,65,1005,6.17,75,smoke
2025-09-23 11:25:54,28.67,31.22,65,1006,6.69,75,smoke
2025-09-23 10:25:54,28.9,32.51,70,1006,4.12,75,smoke
2025-09-23 09:26:21,29.34,31.97,62,1006,7.72,75,smoke
2025-09-23 08:26:21,29.45,32.92,66,1007,8.23,75,smoke
2025-09-23 07:26:21,28.81,31.64,66,1008,6.69,75,smoke
2025-09-23 06:26:21,28.97,34.23,78,1008,7.54,77,broken clouds
2025-09-23 05:26:21,29.41,33.64,70,1008,5.66,75,smoke
2025-09-23 04:26:21,27.67,31.56,82,1008,7.56,50,scattered clouds
2025-09-23 03:26:21,27.56,30.29,74,1008,5.14,40,smoke
2025-09-23 02:26:21,27.27,30.13,78,1007,6.17,40,smoke
2025-09-23 01:26:21,26.72,28.98,78,1007,3.09,40,smoke
2025-09-23 00:26:21,26.62,26.62,78,1007,4.63,75,smoke
2025-09-22 23:26:21,26.57,26.57,78,1007,5.14,75,smoke
2025-09-22 22:26:21,26.53,26.53,78,1007,4.63,40,smoke
2025-09-22 21:26:21,27.15,29.87,78,1007,4.12,40,smoke
2025-09-22 20:26:21,27.0,29.55,78,1008,4.63,40,smoke
2025-09-22 19:26:21,27.42,30.46,78,1008,4.12,40,smoke
2025-09-22 18:26:21,27.27,30.13,78,1008,6.17,40,smoke
2025-09-22 17:26:21,27.33,30.26,78,1008,4.12,40,smoke
2025-09-22 16:26:21,27.75,31.21,78,1008,6.17,40,smoke
2025-09-22 15:26:21,27.75,30.68,74,1007,5.14,40,smoke
2025-09-22 14:26:21,27.36,29.89,74,1007,4.63,40,smoke
2025-09-22 13:26:21,28.92,32.37,69,1006,5.14,40,smoke
2025-09-22 12:26:21,28.71,31.29,65,1006,6.17,40,scattered clouds
2025-09-22 11:26:21,28.75,31.52,66,1006,8.23,40,scattered clouds
2025-09-22 10:26:21,28.86,31.74,66,1007,8.75,40,scattered clouds
2025-09-22 09:26:46,28.93,31.87,66,1007,5.66,75,broken clouds
2025-09-22 08:26:46,29.45,32.92,66,1008,7.2,75,broken clouds
2025-09-22 07:26:46,28.69,33.5,78,1008,7.1,84,broken clouds
2025-09-22 06:26:46,29.17,34.55,77,1008,7.25,96,overcast clouds
2025-09-22 05:26:46,29.3,34.89,77,1009,7.32,94,overcast clouds
2025-09-22 04:26:46,27.59,31.36,82,1008,7.21,96,overcast clouds
2025-09-22 03:26:46,27.51,30.19,74,1008,2.57,75,broken clouds
2025-09-22 02:26:46,27.13,29.83,78,1007,3.09,20,smoke
2025-09-22 01:26:46,26.47,26.47,78,1007,4.63,75,smoke
2025-09-22 00:26:46,26.51,26.51,78,1006,3.6,40,smoke
2025-09-21 23:26:46,26.35,26.35,78,1006,4.63,40,smoke
2025-09-21 22:26:46,26.37,26.37,78,1006,2.57,75,smoke
2025-09-21 21:26:46,26.96,29.47,78,1006,4.63,75,smoke
2025-09-21 20:26:46,26.89,29.32,78,1007,4.12,75,smoke
2025-09-21 19:26:46,27.21,30.0,78,1007,2.57,40,smoke
2025-09-21 18:26:46,27.15,29.87,78,1007,4.12,40,smoke
2025-09-21 17:26:46,27.01,29.58,78,1007,3.6,20,smoke
2025-09-21 16:26:46,27.64,30.96,78,1006,3.6,40,smoke
2025-09-21 15:26:46,27.48,30.6,78,1006,5.14,75,smoke
2025-09-21 14:26:46,27.37,29.4,69,1006,5.14,75,broken clouds
2025-09-21 13:26:46,28.71,31.94,69,1005,5.14,75,broken clouds
2025-09-21 12:26:46,28.43,29.85,58,1006,5.14,75,broken clouds
2025-09-21 11:26:46,28.56,30.45,61,1005,6.17,75,broken clouds
2025-09-21 10:26:46,28.81,31.01,62,1006,7.72,75,broken clouds
